Unnamed: 0,Click column heading for variable definition,Unnamed: 2,Exemption/Credit,Unnamed: 4,Age,Income Ceiling,Veteran Status,Other Criteria,Disability,Unnamed: 10,Unnamed: 11,Unnamed: 12,Unnamed: 13,Unnamed: 14,Benefits Continue for Surviving Spouses,Age for Spouse,Type of Taxes Reduced,Gov't Bearing Tax Loss,How is Benefit Disbursed,Application Window,Application Frequency,Local Options,Unnamed: 23,Unnamed: 24,SFPT ID,Cannot Also Claim the Following Programs,Unnamed: 27,Unnamed: 28
State,Program Name,Table,Amount,Type,,,,,T,P,Bl,LL,Par,O,,,,,,,,Adpt.,Ben.,Elig.,,,Notes on Benefit,Notes on Other Criteria
AK,Exemption for Senior Citizens with Local Option,Seniors,150000,$ Exemption,65,,,X,,,,,,,Yes,60,,Local,Prop Tax Exempt.,Local Option,Local Option,,Inc.,Both,AK103(a),AK103(b),"Localities may approve an additional exemption higher than the $150,000 in statute and set eligibility criteria for the additional exemption.",
AK,Exemption for Disabled Veterans with Local Option,Veterans,150000,$ Exemption,,,Disabled Vet,X,,0.5,,,,,Yes,60,,Local,Prop Tax Exempt.,Local Option,Local Option,,Inc.,Both,AK103(b),AK103(a),"Localities may approve an additional exemption higher than the $150,000 in statute and set eligibility criteria for the additional exemption.",Widows/widowers under age 60 of disabled veteran or veteran killed in service may be eligible at local option
AL,"Homestead Exemption (Under 65, State taxes)",General,40000,$ Exemption,,,,,,,,,,,,,State,State,Prop Tax Exempt.,By Dec. 31,One time,,,,AL103(a),,Up to 160 acres of residential property eligible,
AL,"Homestead Exemption (Under 65, Local taxes)",General,20000,$ Exemption,,,,,,,,,,,,,Local,Local,Prop Tax Exempt.,By Dec. 31,One time,,Inc.,,AL103(b),,"Homesteads receive exemption of $2,000 assessed value ($20,000 market value) for county-levied taxes (except countywide and school district school taxes). In addition, local governments may exempt up to $4,000 assessed value ($40,000 market value) at local option. No more than 160 acres may be exempted.",
AL,"Veteran, Widow Exemption",Veterans,1,% Exemption,,,Disabled Vet,,,,,,,X,Yes,,,Local,Prop Tax Exempt.,By Dec. 31,One time,,,,AL104(a),AL104(b),,Exemption is for the home of any veteran acquired by a specially adapted housing grant.
AL,Incompetent Veteran Exemption,Veterans,30000,$ Exemption,,,Disabled Vet,,,,,,,X,,,,Local,Prop Tax Exempt.,By Dec. 31,One time,,,,AL104(b),AL104(a),,An incompetent veteran has been rated totally and permanently disabled by reason of insanity and has an appointed guardian.
AL,Homestead Exemption (Disabled),Disabled,1,% Exemption,,,,,X,,,,,,,,,Local,Prop Tax Exempt.,By Dec. 31,Annual,,,,AL401,,Up to 160 acres of residential property eligible.,The Department of Revenue defines permanently and totally disabled and issues the certifications of disability. 
AL,"Homestead Exemption (Seniors, State taxes)",Seniors,1,% Exemption,65,,,,,,,,,,,,State,State,Prop Tax Exempt.,By Dec. 31,Annual,,,,AL402(a),AL402(b-e),Up to 160 acres of residential property eligible.,
AL,"Home Exemption (Low Income Seniors, Local taxes)",Seniors,1,$ Exemption,65,12000,,,,,,,,,,,Local,Local,Prop Tax Exempt.,By Dec. 31,Annual,,,,AL402(b),"AL402(a,d,c)","Up to 160 acres of residential property eligible. Benefit is full exemption if combined taxable income on federal tax return is not more than $12,000, but if over limit and AGI on state tax return is less than $12,000 max benefit is $5,000 assessed value exemption ($50,000 market value).",
AL,"Home Exemption (High Income Seniors, Local taxes)",Seniors,20000,$ Exemption,65,,,,,,,,,,,,County,Local,Prop Tax Exempt.,By Dec. 31,Annual,,Inc.,,AL402(c),"AL402(a,d,e)","Exemption of up to $2,000 assessed value ($20,000 market value) applies to county taxes only. Local governments may opt to exempt $4,000 from assessed value ($40,000 market value). Up to 160 acres of residential property eligible. ",
AL,"Homestead Exemption (Blind, State taxes)",Disabled,1,% Exemption,,,,,,,X,,,,,,State,State,Prop Tax Exempt.,By Dec. 31,Annual,,,,AL402(d),AL402(a-c),Up to 160 acres of residential property eligible,
AL,"Homestead Exemption (Blind, Local taxes)",Disabled,50000,$ Exemption,,,,,,,X,,,,,,"County, School",Local,Prop Tax Exempt.,By Dec. 31,Annual,,,,AL402(e),AL402(a-c),Up to 160 acres of residential property eligible.,
AR,Homestead Tax Credit (Amendment 79),General,350,$ Credit,,,,,,,,,,,,,,State,Prop Tax Credit,By Oct 15,One time,,,,AR101,AR102,,
AR,Homestead Property Tax Exemption for Veterans,Veterans,1,% Exemption,,,Disabled Vet,,X,,X,X,X,,Yes,,,Local,Prop Tax Exempt.,By Dec. 31,Annual,,,,AR102,AR101,,
AZ,Disabled Exemption,Disabled,38940,$ Exemption,,32447,,X,X,,,,,,,,,Local,Prop Tax Exempt.,Jan 1 - Mar 1,One time,,,,AZ101(a),AZ101(b),,"The property's assessed value cannot exceed $26,458, market value ≈ $264,580. Income ceiling is $38,926 if children are present."
AZ,Widow and Widower Exemption,Other,38940,$ Exemption,,32447,,X,,,,,,,,,,Local,Prop Tax Exempt.,Jan 1 - Mar 1,One time,,,,AZ101(b),AZ101(a),,"Applicant must be a widow or widower. The property's assessed value cannot exceed $26,458, market value ≈ $264,580. Income ceiling is $38,926 if children are present."
AZ,Elderly Assistance Fund: School Tax Reduction,Seniors,,Other,65,45000,,X,,,,,,,,,School,Local,Prop Tax Credit,By Sep 1,3 years,,,,AZ102,,"Benefit extends to homestead and up to 10 acres of land. Amount of benefit is based on the balance in the Elderly Assistance Fund; each year it is disbursed proportionately among all eligible property owners. Applicants must be enrolled in the Senior Valuation Protection Program (AZ 107). Income limit is $35,000 for a single individual.",This program is only available in Maricopa County. Claimant must have occupied property as primary residence for two years. Applicants must live in an organized school district and be eligible for the property assessment freeze (AZ 107). 
AZ,Homeowner Rebate for School Primary Levy,General,0.4719,% Credit,,,,,,,,,,,,,School,Shared,Prop Tax Credit,,,,,,AZ108,,The max credit is $600. State reimbursement to a county is capped at $1 million.,
CA,Homeowners' Exemption,General,7000,$ Exemption,,,,,,,,,,,,,,State,Prop Tax Exempt.,By Feb 15,One time,,,,CA103,,,Owner must own as of Jan. 1 of prior year. 
CA,Disabled Veteran's Exemption (Basic),Veterans,134706,$ Exemption,,,Disabled Vet,,X,,X,X,,,Yes,,,Shared,Prop Tax Exempt.,By Jan 1,One time,,,,CA104(a),"CA103, CA104(b), CA105",,
CA,Disabled Veteran's Exemption (Low income),Veterans,202060,$ Exemption,,60490,Disabled Vet,,X,,X,X,,,Yes,,,Shared,Prop Tax Exempt.,By Jan 1,Annual,,,,CA104(b),"CA103, CA104(a) CA105",,
CA,Veterans' Exemption,Veterans,4000,$ Exemption,,,All,X,,,,,,,Yes,,,State,Prop Tax Exempt.,By Jan 1,Obsolete,,,,CA105,"CA103, CA104",,"Assets including property cannot exceed $5,000 if single or $10,000 if married, so veterans who own a home are unlikely to qualify."
CO,Senior Property Tax Exemption,Seniors,0.5,% Exemption,65,,,X,,,,,,,Yes,,,State,Prop Tax Exempt.,By Jul 15,One time,,,,CO103,,"The 50% exemption is only applied to the first $200,000 of actual value.",Applicant must have owned homestead for the past ten years.
CO,Disabled Veteran Exemption,Veterans,0.5,% Exemption,,,Disabled Vet,X,X,,,,,,Yes,,,State,Prop Tax Exempt.,By Jul 1,One time,,,,CO105,,"The 50% exemption is only applied to the first $200,000 of actual value.",Applicant must have owned homestead for the past 10 years.
CT,Exemption for the Disabled with Local Option,Disabled,1428.57142857143,$ Exemption,,,,,X,,,,,,,,,State,Prop Tax Exempt.,By Oct 1,2 Years,,Inc.,,CT101,,"Localities have the option to exempt an additional $1,000 of assessed value ($1,429 market value), with the additional exemption only available to those whose income does not exceed $24,000 if married or $21,000 if single.",
CT,Exemption for Veterans w/Local Option (Basic),Veterans,2142.85714285714,$ Exemption,,,Warzone,,,,,,,,Yes,,,Shared,Prop Tax Exempt.,Feb 1 - Oct 1,2 Years,,Inc.,,CT104(a),"CT105, CT106, CT104(b)",,Veterans who served for at least 90 days in war are eligible; those who retire after 30 years of service are also eligible. World War II veterans with certain Merchant Marine Service and military service with allied armies also qualify.
CT,Exemption for Veterans w/Local Option (Low income),Veterans,4285.71428571429,$ Exemption,,43900,Warzone,,,,,,,,Yes,,,Shared,Prop Tax Exempt.,Feb 1 - Oct 1,2 Years,,Inc.,Inc.,CT104(b),"CT105, CT106, CT104(a)","Localities may offer optional additional exemption of up to $20,000 assessed value or 10% of assessed value and may increase income limits up to $25,000 higher than the state limit. Surviving spouses of service members who died as a result of their service while on active duty receive this exemption regardless of their income.","Veterans and active duty are eligible who served for at least 90 days in war; those who retire after 30 years of service are also eligible. World War II veterans with certain Merchant Marine Service and military service with allied armies also qualify. Income limit for unmarried veterans is $36,000. "
CT,Exemption for Disabled Veterans (Basic),Veterans,,Tied to Disability,,,Disabled Vet,,,0.1,,,,,Yes,,,Shared,Prop Tax Exempt.,Feb 1 - Oct 1,2 Years,,,,CT105(a),"CT104, CT106, CT105(b,c)","Four exemption levels based on disability rating from VA: 10-25% ($2,250 exemption), 26-50% ($3,000), 51-75% ($3,750), 76%+ ($4,500). Exemption applies to assessed value. There is a 70% assessment ratio in CT, so market value of exemption is approximately $3,214-$6,429. Exemption amounts include standard exemption (tax loss borne by local gov't, which is $1,500-$3,000) + additional 50% exemption (state reimbursement, which adds $750-$1,500).",
CT,Exemption for Disabled Veterans (Low income),Veterans,,Tied to Disability,,24000,Disabled Vet,,,0.1,,,,,Yes,,,Shared,Prop Tax Exempt.,Feb 1 - Oct 1,2 Years,,,Inc.,CT105(b),"CT104, CT106, CT105(a,c,d)","Four exemption levels based on disability rating from VA: 10-25% ($4,500 exemption), 26-50% ($6,000), 51-75% ($7,500), 76%+ ($9,000). Exemption applies to assessed value. There is a 70% assessment ratio in CT, so market value of exemption is approximately $6,429-$12,857. Exemption amounts include standard exemption (tax loss borne by local gov't, which is $1,500-$3,000) + additional 200% exemption (state reimbursement, which adds $3,000-$6,000).","Income ceiling is $21,000 for unmarried veterans. Localities may increase income limit to $25,000 higher than the state income limit. "
CT,Exemption for Disabled Vets (High Income Seniors),Veterans,6428.57142857143,$ Exemption,65,,Disabled Vet,,,0.1,,,,,Yes,,,Shared,Prop Tax Exempt.,Feb 1 - Oct 1,2 Years,,,,CT105(c),"CT104, CT106, CT105(a,b,d)",,
CT,Exemption for Disabled Vets (Low Income Seniors),Veterans,12857.1428571429,$ Exemption,65,24000,Disabled Vet,,,0.1,,,,,Yes,,,Shared,Prop Tax Exempt.,Feb 1 - Oct 1,2 Years,,,Inc.,CT105(d),"CT104, CT106, CT105(a,b,c)",,"Income ceiling is $21,000 for unmarried veterans. Localities may increase income limit up to $25,000 over state limit."
CT,Exemption for Severely Disabled Vets (Basic),Veterans,,Tied to Disability,,,Disabled Vet,,,,X,X,X,,Yes,,,Shared,Prop Tax Exempt.,Feb 1 - Oct 1,2 Years,,Inc.,Inc.,CT106(a),"CT104, CT105, CT106(b)","Exemption is $15,000 for vets with loss of both legs, paralysis of one arm and one leg, blindness, or amputations of both legs/arms/hands/feet. Exemption is $7,500 for vets with loss of one arm or leg. Exemption applies to assessed value. There is a 70% assessment ratio in CT, so market value of exemption is approximately $10,714-$21,429. Exemption amounts include standard exemption (tax loss borne by local gov't) + additional 50% exemption (state reimbursement).",
CT,Exemption for Severely Disabled Vets (Low income),Veterans,,Tied to Disability,,24000,Disabled Vet,,,,X,X,X,,Yes,,,Shared,Prop Tax Exempt.,Feb 1 - Oct 1,2 Years,,Inc.,Inc.,CT106(b),"CT104, CT105, CT106(a)","Exemption is $30,000 market value for vets with loss of both legs, paralysis of one arm and one leg, blindness, or amputations of both legs/arms/hands/feet. Exemption is $15,000 for vets with loss of one arm or leg. Exemption applies to assessed value. There is a 70% assessment ratio in CT, so market value of exemption is approximately $21,429-$42,857. Exemption amounts include standard exemption (tax loss borne by local gov't) + additional 200% exemption (state reimbursement). Localities have option to double or triple the additional exemption for 100% disabled applicants under income limit. Localities may increase income limit to $25,000 higher than state income limit. An optional exemption may exempt up to $10,000 or 10% of assessed value.","Income ceiling applies only to additional exemption (see note on benefit) and is $21,000 for unmarried veterans."
CT,Exemption for the Blind with Local Option,Disabled,4285.71428571429,$ Exemption,,,,,,,X,,,,,,,Local,Prop Tax Exempt.,By Jan 31,One time,,Inc.,,CT109,,"Municipalities may provide an additional exemption from assessed value of up to $2,000. Only married households with income under $16,000, or unmarried individuals with incomes under $14,000, qualify for this additional local exemption.
Municipalities may, with the approval of their legislative body, provide an additional exemption from assessed value of up to $2,000. Only married households with income under $16,000, or unmarried individuals with incomes under $14,000, qualify for this additional local exemption.",
DC,Homestead Deduction,General,73350,$ Exemption,,,,,,,,,,,,,,Local,Prop Tax Exempt.,Oct 1 - Mar 31,One time,,,,DC102,,,Benefit applies to a single homestead lot with no more than 5 dwelling units.
DC,Lower Income Home Ownership Tax Abatement,Other,1,% Credit,,74400,,X,,,,,,,,,,Local,Prop Tax Credit,By Sep 30,5 Years,,,,DC103,,This is a five year abatement. ,"Purchase price of property cannot exceed $464,000. Income ceiling depends on household size: 1 person ($65,100), 2 ($74,400), 3 ($83,700), 4 ($92,940), 5 ($100,380), 6 ($107,820), 7 ($115,260), 8 ($122,700). Income ceilings are equal to 120% of the lower income guidelines for low-income housing assistance in the Washington MSA for 2018 (Source: DC Office of Tax and Revenue). Fair market value of the unit or residential property may not exceed 80% of the median sale price for homes within the District of Columbia in the prior year."
DC,DC Gov't Employees First Time Home Buyers Program,Other,,Other,,,,X,,,,,,,,,,Local,Prop Tax Credit,,One time,,,,DC104,,"Tax credit phases out over 5 years: 80% (Year 1), 60% (Year 2), 40% (Year 3), and 20% (Years 4-5). This tax credit is not available for homes acquired after March 30, 2015, and will be completely phased out by 2020.",Applicant must be a DC public employee or public charter school teacher and first-time homebuyer in DC.
DC,Senior Citizen Property Owner Tax Relief,Seniors,0.5,% Credit,65,133100,,,,,,,,,,,,Local,Prop Tax Credit,Oct 1 - Mar 31,One time,,,,DC106(a),DC106(b),"If a properly completed and approved application is filed from April 1 to September 30, the property will receive one-half (50%) of the deduction reflected on the second installment (and full deductions for all tax years in the future).",
DC,Disabled Property Owner Tax Relief,Disabled,0.5,% Credit,,133100,,,X,,,,,,,,,Local,Prop Tax Credit,Oct 1 - Mar 31,One time,,,,DC106(b),DC106(a),"If a properly completed and approved application is filed from April 1 to September 30, the property will receive one-half (50%) of the deduction reflected on the second installment (and full deductions for all tax years in the future).",
DC,Lower Income Long-Term Homeowner Credit,Other,,Other,,82040,,X,,,,,,,,,,Local,Income Tax Credit,By Dec 31,Annual,,,,DC110,,Credit is equal to the amount by which current tax liability exceeds 105% of previous year tax liability.,"Must have occupied property as primary residence for 7 consecutive years. Must also receive homestead deduction. Taxpayers receiving this credit cannot also claim the Targeted Housing Historic Credit. Income limit for a single household is $41,020"
FL,Exemption for Deployed Active Duty Military,Other,,Other,,,,X,,,,,,,,,,Local,Prop Tax Exempt.,Jan 1 - Mar 1,Annual,,,,FL006,,Exemption equals percentage of year the service member was deployed in military operations outside the 50 states.,Program is for military personnel deployed outside U.S. on active duty in prior year.
FL,Exemption for Totally Disabled (w/Income ceiling),Disabled,1,% Exemption,,28713,,,,,X,,X,X,,,,Local,Prop Tax Exempt.,Jan 1 - Mar 1,One time,,,,FL101,,,Applicant must be paraplegic or other totally disabled person who uses a wheelchair for mobility or who is legally blind.
FL,Exemption for Disabled Ex-Service Members,Veterans,5000,$ Exemption,,,Disabled Vet,,,0.1,,,,,Yes,,,Local,Prop Tax Exempt.,Jan 1 - Mar 1,One time,,,,FL102,,,
FL,Service Connected Total Disability Exemption,Veterans,1,% Exemption,,,Disabled Vet,,X,,,,,X,Yes,,,Local,Prop Tax Exempt.,By Mar 1,One time,,,,FL103(a),,,Applicant must have received specially adapted housing assistance and use a wheelchair.
FL,First Responders Total Disability Exemption,Other,1,% Exemption,,,,X,X,,,,,X,Yes,,,Local,Prop Tax Exempt.,Local Option,One time,,,,FL103(b),,,Applicant must have received specially adapted housing assistance and use a wheelchair. First responder eligible if impairment caused in the line of duty.
FL,Homestead Exemption (All taxes),General,25000,$ Exemption,,,,,,,,,,,,,,Local,Prop Tax Exempt.,Jan 1 - Mar 1,One time,,,,FL104(a),,,
FL,Homestead Exemption (Excludes school taxes),General,25000,$ Exemption,,,,,,,,,,,,,Excl. school taxes,Local,Prop Tax Exempt.,Jan 1 - Mar 1,One time,,,,FL104(b),,"This exemption is only applied to assessed value greater than $50,000. Thus, assessed value must be $75,000+ to get the full exemption. Under the homestead exemption (FL104), the first $25,000 is exempt from all taxes (FL104a), and there is an additional $25,000 exemption on values above $50,000 for all taxes except school taxes (FL104b).",
FL,Exemption for Widows and Widowers,Other,500,$ Exemption,,,,X,,,,,,,,,,State,Prop Tax Exempt.,Jan 1 - Mar 1,One time,,,,FL106(a),FL106(b),,Applicant must be a widow or widower. Homestead exemption (FL104) is required as a pre-condition to applying for this add-on exemption.
FL,Exemption for the Blind and the Disabled,Disabled,500,$ Exemption,,,,,X,,X,,,,,,,State,Prop Tax Exempt.,Jan 1 - Mar 1,One time,,,,FL106(b),FL106(a),,Homestead exemption (FL104) is required as a pre-condition to applying for this add-on exemption.
FL,Discount for Senior Disabled Veterans,Veterans,,Tied to Disability,65,,Disabled Vet,,X,0.1,,,,,Yes ,,,State,Prop Tax Credit,Jan 1 - Mar 1,One time,,,,FL108(a),FL108(b),Credit reduces tax liability by a percentage equal to the claimant's disability rating from the VA.,
FL,Exempt. for Spouse of Vet who Died on Active Duty,Veterans,,% Exemption,,,Spouse Killed,,,,,,,,,,,State,Prop Tax Credit,Jan 1 - Mar 1,One time,,,,FL108(b),FL108(a),Surviving spouses may transfer the exemption to another property as long as it is used as the primary residence.,
GA,Home Exemption for Elderly (County taxes),Seniors,10000,$ Exemption,65,10000,,,,,,,,,,,County,Local,Prop Tax Exempt.,Jan 1 - Apr 1,Annual,,,,GA101,,,"Income ceiling excludes up to $66,912 in income from retirement sources, pensions, or disability payments."
GA,General Homestead Exemption,General,5000,$ Exemption,,,,,,,,,,,,,,Local,Prop Tax Exempt.,Jan 1 - Apr 1,Annual,,,,GA102,,,
GA,Homestead Exemption for Disabled Veterans,Veterans,202700,$ Exemption,,,Disabled Vet,,X,,X,X,X,,Yes,,,Local,Prop Tax Exempt.,Jan 1 - Apr 1,Annual,,Inc.,,GA104,,,
GA,Exempt. for Spouses of Servicemen Killed in Action,Veterans,202700,$ Exemption,,,Spouse Killed,,,,,,,,,,,Local,Prop Tax Exempt.,Jan 1 - Apr 1,One time,,Inc.,,GA107,,,
GA,School Property Tax Exemption for Elderly,Seniors,25000,$ Exemption,62,10000,,,,,,,,,,,School,State,Prop Tax Exempt.,Jan 1 - Apr 1,One time,,Inc.,,GA108,,,"Income ceiling excludes up to $66,912 in income from retirement sources, pensions, or disability payments."
GA,State Homestead Exemption for the Elderly,Seniors,1,% Exemption,65,,,,,,,,,,,,State,State,Prop Tax Exempt.,Local Option,One time,,,,GA110,,,Eligibility is limited to the primary residence and up to 10 acres of land surrounding the residence.
GA,Exempt. for Spouses of Police/Fire Killed in Duty,Other,1,% Exemption,,,,X,,,,,,,,,,Local,Prop Tax Exempt.,Jan 1 - Apr 1,One time,,,,GA111,,,Applicant must be the surviving spouse of a police officer or firefighter killed in the line of duty.
IA,Military Service Tax Exemption,Veterans,2351.74603174603,$ Exemption,,,All,,,,,,,,Yes,,,Shared,Prop Tax Exempt.,By Jul 1,Annual,,,,IA102,,Amount of benefit depends on state funding.,
IA,Homestead Credit,General,4850,$ Exemption,,,,,,,,,,,,,,State,Prop Tax Exempt.,By Jul 1,One time,,,,IA104,,Exemption is applied to actual value (market value) before rollbacks are applied. ,
ID,Homeowner's Exemption,General,0.5,% Exemption,,,,,,,,,,,,,,Local,Prop Tax Exempt.,By Apr 15,One time,,,,ID101,,"The maximum exemption is $100,000 of assessed value ($126,984 of market value). The Homeowner's Exemption (ID101) must be taken before a reduction in taxes under the Circuit Breaker program (ID103).",
IL,General Homestead Exemption with Local Option,General,,Local Option,,,,,,,,,,,,,,Local,Prop Tax Exempt.,Local Option,Local Option,,Both,Both,IL101,,"County assessors may determine the amount of the homestead exemption, up to a maximum of $10,000 assessed value in Cook County ($30,000 market value) and $6,000 of assessed value ($18,000 market value) in all other counties. ",
IL,Tax Credit for Residential Real Property Taxes,General,0.05,% Credit,,500000,,,,,,,,,,,,State,Income Tax Credit,On inc. tax return,Annual,,,,IL103,,,"Income ceiling is $250,000 for taxpayers who are not married."
IL,Senior Citizens Homestead Exemption,Seniors,15000,$ Exemption,65,,,,,,,,,,,,,Local,Prop Tax Exempt.,Local Option,Local Option,,,,IL108,,"Maximum exemption is $5,000 of assessed value ($15,000 market value) except for Cook County where maximum exemption is $8,000 of assessed value ($24,000 market value).",
IL,Returning Veterans Homestead Exemption,Veterans,15000,$ Exemption,,,Other,,,,,,,,,,,Local,Prop Tax Exempt.,End of Duty,1x per deployment,,,,IL109,,Exemption is only for the first two years after returning from active duty in armed conflict.,Applicants must be a veteran returning from active duty in an armed conflict.
IL,Disabled Persons’ Homestead Exemption,Disabled,6000,$ Exemption,,,,,,,,,,X,,,,Local,Prop Tax Exempt.,Local Option,Local Option,,,,IL110,IL111,,Applicant must be unable to engage in any substantial gainful activity due to physical or mental impairment which can be expected to result in death or to last for at least 12 months continuously.
IL,Disabled Veterans Homestead Exempt,Veterans,,Tied to Disability,,,Disabled Vet,,,0.3,,,,X,Yes,,,Local,Prop Tax Exempt.,Local Option,Local Option,,,,IL111,IL110,"Exemption is $2,500 assessed value ($7,500 market value) for veteran with 30 to 40 % disability, $5,000 ($15,000 market value) for 50 to 60 percent disability, and 100% exemption for 70% or greater disability. ",Spouses of claimants who are nursing home residents are eligible if they received the exemption prior to residing in nursing home. Benefit also applies to unoccupied home owned by nursing home resident.
IL,Natural Disaster Homestead Exemption,Other,,Other,,,,X,,,,,,,Yes,,,Local,Prop Tax Exempt.,Local Option,Annual,,,,IL113,,Exemption equals the difference in assessed value on the new house and value of the destroyed house in prior year (i.e. assessed value held constant under program).,Program is for people rebuilding homes destroyed by natural disasters. The rebuilt structure may not be more than 110% of the square footage of the original residential structure. The residence must be rebuilt within 2 years following the natural disaster. 
IL,Exempt. of Improvement following Catastrophic Event,Other,225000,Other,,,,X,,,,,,,,,,State,Prop Tax Exempt.,Date of Improvement,One time,,,,IL114,,"The value added to a homestead by new improvements after a catastrophic event (typically a natural disaster) is exempt for four years after the date of the improvement, up to a maximum exemption of $75,000.","This exemption applies to improvements made to a residential structure following a catastrophic event. A ""catastrophic event"" is one that arises (but not limited to) from fire, flood, earthquake, wind, storm, explosion etc. In the instance of flooding, residential structure must be located within local jurisdiction participating in the National Flood Insurance Program."
IL,Exempt. for Disabled Vets w/Specially Adapted House,Veterans,300000,$ Exemption,,,Disabled Vet,,,,,,,X,Yes,,,Local,Prop Tax Exempt.,Local Option,Annual,,,,IL115,"IL110, IL111",,Only residential property that is specially adapted to serve the needs of a disabled veteran qualifies for the program.
IN,Homestead Standard Deduction,General,45000,$ Exemption,,,,,,,,,,,,,,Local,Prop Tax Exempt.,Calendar Year,Annual,,,,IN101,,"The exemption is the lesser of $45,000 or 60% of assessed value. Thus, 60% exemption applies if value < $75,000. The Standard Homestead Deduction (IN101) must be taken before the Supplemental Homestead Deduction (IN109) and all other property tax relief programs.",Mobile homes eligible. 
IN,Exemption for Mortgage or Contract Deductions,Other,3000,$ Exemption,,,,X,,,,,,,,,,Local,Prop Tax Exempt.,Calendar Year,Annual,,,,IN103,,"The exemption is the lesser of the balance of the mortgage or contract indebtedness (including a home equity line of credit), 50% of the assessed value of the real property, or $3,000.",Applicant must have an outstanding mortgage or home equity lines of credit. Mobile homes eligible.
IN,Exemption for Residents Over 65,Seniors,12480,$ Exemption,65,25000,,X,,,,,,,Yes,60,,Local,Prop Tax Exempt.,Calendar Year,Annual,,,,IN104,"IN105, IN106, IN107","The exemption is the lesser of  lesser of 50% of the assessed value of the real property, or $12,480. If co-owners are under 65 benefit reduced by a formula.","Property's assessed value cannot exceed $182,430. Must have owned homestead for at least one year."
IN,Deduction for Blind or Disabled Person,Disabled,12480,$ Exemption,,17000,,,,,X,,,X,,,,Local,Prop Tax Exempt.,Calendar Year,Annual,,,,IN105,IN104,,"Applicant are eligible if they are unable to engage in any substantial gainful activity due to physical or mental impairment which can be expected to result in death or to last for at least 12 months continuously, or they receive disability benefits under Social Security. "
IN,Deduction for Veterans with a Partial Disability,Veterans,24960,$ Exemption,,,Disabled Vet,,,0.1,,,,,Yes,,,Local,Prop Tax Exempt.,Calendar Year,Annual,,,,IN106,,,Application deadline is March 31 for mobile home owners.
IN,Deduction for Totally Disabled Veteran,Veterans,12480,$ Exemption,,,Disabled Vet,X,X,,,,,,Yes,,,Local,Prop Tax Exempt.,Calendar Year,Annual,,,,IN107(a),IN107(b),,"Assessed value of tangible personal property may not exceed $175,000. Application deadline is March 31 for mobile home owners."
IN,Deduction for Veteran Age 62 & Partially Disabled,Veterans,12480,$ Exemption,62,,Disabled Vet,X,,0.1,,,,,Yes,,,Local,Prop Tax Exempt.,Calendar Year,Annual,,,,IN107(b),IN107(a),,"Assessed value of tangible personal property may not exceed $175,000. Application deadline is March 31 for mobile home owners."
IN,Supplemental Homestead Deduction,General,0.35,% Exemption,,,,,,,,,,,,,,Local,Prop Tax Exempt.,Calendar Year,Annual,,,,IN109,,"The 35% exemption is only applied to the first $600,000 in assessed value; there is a 25% exemption on values greater than $600,000. The Supplemental Deduction (IN109) must be taken after the Standard Deduction (IN101), but before all other property tax relief programs.",Application deadline is March 31 for mobile home owners.
IN,Over 65 Credit - Circuit Breaker Credit,Seniors,,Other,65,40000,,X,,,,,,,,,,Local,Prop Tax Credit,Calendar Year,Annual,,,,IN110,,Credit equals the amount that the current year's tax liability exceeds a 2% increase from prior year's tax.,"Homestead's assessed value cannot exceed $160,000. Income ceiling is $30,000 for individuals not married. Application deadline is March 31 for mobile home owners. Income for eligibility is established as adjusted gross income (AGI)."
KS,Exemption from School Levy,General,20000,$ Exemption,,,,,,,,,,,,,Other,State,Prop Tax Exempt.,,,,,,KS101,,"This program exempts $20,000 of appraised value from the statewide portion of the school levy (equivalent to $46 property tax credit for homes worth $20,000+). ",
KS,Property Tax Relief for Low Income Seniors,Seniors,0.75,% Credit,65,19800,,,,,,,,,,,,State,Income Tax Credit,Jan 1 - Apr 15,Annual,,,,KS103,KS102,,
KS,Refund for Homestead Assessment Increases,Other,,Other,,,,X,,,,,,,,,,State,Rebate Check,Local Option,Local Option,,,,KS104,,"Three year credit offsets tax attributed to increases in appraised value: 80% (Year 1), 50% (Year 2), 25% (Year 3).","Appraised value must increase by more than 75%, and homeowner must complete an appeal of the appraisal."
LA,Homestead Exemption,General,75000,$ Exemption,,,,,X,,,,,,,,Excl. municipal taxes,Shared,Prop Tax Exempt.,One time,One time,,,,LA101,,"Exemption includes general city taxes in Orleans Parish, and includes municipal taxes levied for school purposes elsewhere.",Mobile homes are eligible if used as a residence.
LA,Spouse of Military or First Responder Killed in Action,Other,1,% Exemption,,,Spouse Killed,X,,,,,,,,,,State,Prop Tax Exempt,By Dec 31,Annual,,,,LA106,,"If the eligible spouse moves to a different homestead, the benefit is limited to the amount of the exemption claimed on the prior homestead.","The unmarried surviving spouse of a member of the Armed Forces, Louisiana National Guard, state police, law enforcement or fire protection officer medical responder, technician, or paramedic who died while on duty is eligible. "
MA,Exemption for Persons Over Age 70 (Clause 17s),Seniors,175,$ Credit,70,,,X,,,,,,,,,,Shared,Prop Tax Credit,Jul 1 - Apr 1,Annual,,Inc.,Inc.,MA101(a),"MA104, MA101(b)","Base benefit is the greater of $2,000 exemption of taxable value or $175. Localities may increase benefit annually by CPI.","Assets including real estate cannot exceed $20,000, although towns can increase asset limit to $40,000, exclude some home value, and adjust for inflation. Application deadline is later of April 1 or 3 months after tax bill is mailed."
MA,Exemption for Surviving Spouses & Minor Children,Other,175,$ Credit,,,,X,,,,,,,,,,Shared,Prop Tax Credit,Jul 1 - Apr 1,Annual,,Inc.,Inc.,MA101(b),MA101(a),"Base benefit is the greater of $2,000 exemption of taxable value or $175. Localities may increase benefit annually by CPI.","Applicant must be a surviving spouse or minor child of a deceased parent. Assets including real estate cannot exceed $20,000, although towns can increase asset limit to $40,000, exclude some home value, and adjust for inflation. Application deadline is later of April 1 or 3 months after tax bill is mailed. "
MA,Veterans Exemption (Clause 22) (Disabled Veterans),Veterans,,Tied to Disability,,,Disabled Vet,X,X,0.1,X,X,,,,,,Shared,Prop Tax Credit,Jul 1 - Apr 1,Annual,,Inc.,Inc.,MA103(a),"MA103(b), MA103(c)","Five credit levels depending on service-connected injuries: 1) 10-90% disability rating or Purple Heart ($400 credit), 2) Loss of one foot, hand, or eye, or Congressional Medal of Honor ($750), 3) 100% disabled ($1,000), 4) Loss of both feet/hands/eyes, or one foot and one hand ($1,250), 5) Totally disabled and has specially adapted housing ($1,500).",Applicant must have lived in the state at least 5 years prior to filing for the exemption or at least 6 months prior to enlisting.  Application deadline is later of April 1 or 3 months after tax bill is mailed.
MA,Veterans Exemption (Clause 22) (Surviving Spouse),Veterans,1,% Exemption,,,Spouse Killed,X,,,,,,,,,,Shared,Prop Tax Exempt.,Jul 1 - Apr 1,Annual,,Inc.,Inc.,MA103(b),"MA103(a), MA103(c)",,Applicant must have lived in the state at least 5 years prior to filing for the exemption or at least 6 months prior to enlisting.  Application deadline is later of April 1 or 3 months after tax bill is mailed.
MA,Veterans Exemption (Clause 22) (Surviving Parents),Veterans,400,$ Credit,,,Other,X,,,,,,,,,,Shared,Prop Tax Exempt.,Jul 1 - Apr 1,Annual,,,,MA103(c),"MA103(a), MA103(b)","Benefit is greater of $500 credit or $2,000 exemption.",Parent of veterans killed is service are eligible. Applicant must have lived in the state at least 5 years prior to filing for the exemption.  Application deadline is later of April 1 or 3 months after tax bill is mailed.
MA,Exemption for Persons Aged 70 or Older (Clause 41),Seniors,500,$ Credit,70,7000,,X,,,,,,,Yes,,,Shared,Prop Tax Credit,Jul 1 - Apr 1,Annual,,Inc.,Inc.,MA104,MA101,"Benefit is greater of $500 credit or $4,000 exemption.","Net worth excluding value of primary home cannot exceed $17,000 if single or $20,000 if married. Must have lived in the state for at least 10 years and owned property in the state for at least 5 years. Income ceiling is $6,000 for individuals not married.  Application deadline is later of April 1 or 3 months after tax bill is mailed."
MA,Blind Persons' Credit or Exemption (Clause 37s),Disabled,437.5,$ Credit,,,,,,,X,,,,,,,Shared,Prop Tax Credit,Jul 1 - Apr 1,Annual,,Inc.,,MA106,,"Benefit is greater of $437.50 credit or $5,000 exemption. Localities may opt to increase credit to $500.",Application deadline is later of April 1 or 3 months after tax bill is mailed.
MA,Exempt. for Spouses of Fire/Police Killed in Duty,Other,1,% Exemption,,,,X,,,,,,,,,,Local,Prop Tax Exempt.,Jul 1 - Apr 1,Annual,,,,MA109,,,Applicant must be the surviving spouse or child of a police officer or firefighter killed in the line of duty.  Application deadline is later of April 1 or 3 months after tax bill is mailed.
MA,Tax Exemption for Poverty or Financial Hardship,Other,,Local Option,,,,X,,,,,,,,,,Local,Prop Tax Exempt.,Local Option,Local Option,,Both,Both,MA112,,Local boards of assessors may exempt any portion of taxes owed based on qualifying hardship.,"Eligibility extends to homeowners facing hardship due to being called into active military duty or being older and suffering from a physical or mental illness, disability, or impairment. "
MD,Exemption for Disabled Veterans,Veterans,1,% Exemption,,,Disabled Vet,,X,,,,,,Yes,,,Local,Prop Tax Exempt.,,,,,,MD105,MD106,,
MD,Exemption for Blind Individuals,Disabled,15000,$ Exemption,,,,,,,X,,,,Yes,,,Local,Prop Tax Exempt.,,,,,,MD106,MD105,,
ME,Veteran Exemption (62+),Veterans,6000,$ Exemption,62,,Warzone,,,,,,,,Yes,,,Shared,Prop Tax Exempt.,By Apr 1,One time,,,,ME103(a),ME103(b-d),,
ME,Veteran Exemption (Disabled),Veterans,6000,$ Exemption,,,Disabled Vet,,X,,,,,,Yes,,,Shared,Prop Tax Exempt.,By Apr 1,One time,,,,ME103(b),"ME103(a, c, d)",,
ME,Parent or Child of Wartime Veteran Exemption,Veterans,6000,$ Exemption,,,Other,X,,,,,,,,,,Shared,Prop Tax Exempt.,By Apr 1,One time,,,,ME103(c),"ME103(a, b, d)",,"A qualifying parent of a deceased veteran must be at least 62 years old, a qualifying child must be a minor. In all cases, the qualifying family member must be receiving a pension, or other compensation from the US Government based on the death of the qualifying veteran."
ME,Veteran Exemption (Specially Adapted Housing),Veterans,50000,% Exemption,,,Disabled Vet,,,,,,X,X,Yes,,,Shared,Prop Tax Exempt.,By Apr 1,One time,,,,ME103(d),ME103(a-c),,"Exemption applies to specially adapted housing units of veterans who served during a federally recognized war period and who are paraplegic, if they received a grant from the United States Government for their adapted housing. "
ME,Blind Exemption,Disabled,4000,$ Exemption,,,,,,,X,,,,,,,Shared,Prop Tax Exempt.,By Apr 1,Annual,,,,ME104,,,
ME,Maine Resident Homestead Property Tax Exemption,General,20000,$ Exemption,,,,X,,,,,,,,,,Shared,Prop Tax Exempt.,By Apr 1,One time,,,,ME105,,"$20,000 exemption subject to reduction in case of local assessment ratio greater than 100%.",Applicant must be permanent state resident who has owned homestead for the past year. 
MI,Poverty Exemption,Other,,Local Option,,Local Option,,Local Option,,,,,,,,,,Local,Prop Tax Exempt.,Calendar Year,Annual,,Both,Both,MI101,,Local governments may grant a full exemption or a partial exemption equal to a percentage of a home's taxable value.,"Local governments must set some income limit (no lower than the federal poverty level) and asset limit (excludes the value of the principal residence), but the levels are chosen by local governments. Additional eligibility criteria may also be set by the local government."
MI,Credit for Veterans (Disabled Vets),Veterans,,Tied to Disability,,50000,Disabled Vet,X,,0.1,,,,,Yes,,,State,Income Tax Credit,With Inc. Tax Return,Annual,,,,MI103(a),MI103(b-d),"Three exemption levels based on disability rating from VA: 10-50% ($3,500 exemption), 60-80% ($4,000), 90-100% (4,500). Exemption applies to taxable value. There is a 50% assessment ratio in MI, so market value of exemption is approximately $7,000-$9,000. The max credit is $1,500. Applicants can claim prior year benefits retroactively for up to four years. Thus, a taxpayer who was eligible for a 2016 income tax credit (Filed by April 18, 2017) but did not apply for it, could claim the 2016 income tax credit on their 2017, 2018, 2019, or 2020 income tax returns (Filed by April 15, 2021).","Homestead's taxable value cannot exceed $135,000, market value ≈ $270,000."
MI,Credit for Veterans (Spouse killed in service),Veterans,9000,$ Exemption,,50000,Spouse Killed,X,,,,,,,,,,State,Income Tax Credit,With Inc. Tax Return,Annual,,,,MI103(b),"MI103(a,c,d)","The max credit is $1,500. Claim may be made within 4 years of due date. ","Homestead's taxable value cannot exceed $135,000, market value ≈ $270,000."
MI,"Credit for Veterans (Pensioned Vets, Active Duty)",Veterans,7000,$ Exemption,,50000,Other,X,,,,,,,Yes,,,State,Income Tax Credit,With Inc. Tax Return,Annual,,,,MI103(c),"MI103(a,b,d)","The max credit is $1,500. Claim may be made within 4 years of due date. ","Exemption is for non-disabled pensioned veterans and active military personnel. Homestead's taxable value cannot exceed $135,000, market value ≈ $270,000."
MI,Credit for Veterans (Spouse of WWII/Korea Vet),Other,5000,$ Exemption,,50000,,X,,,,,,,,,,State,Income Tax Credit,With Inc. Tax Return,Annual,,,,MI103(d),MI103(a-c),"The max credit is $1,500. Claim may be made within 4 years of due date. ","This program is for surviving spouses of nondisabled veterans of WWI, WWII or the Korean War. Homestead's taxable value cannot exceed $135,000, market value ≈ $270,000."
MI,Credit for Blind People,Disabled,7000,$ Exemption,,50000,,X,,,X,,,,,,,State,Income Tax Credit,With Inc. Tax Return,Annual,,,,MI103(e),M1103(a-d),"The max credit is $1,500. Claim may be made within 4 years of due date. ","Homestead's taxable value cannot exceed $135,000, market value ≈ $270,000."
MI,Principal Residence Exempt. for Local School Levy,General,,Other,,,,,,,,,,,,,School,Local,Prop Tax Exempt.,By Jun 1,One time,,,,MI104,,This program exempts up to 18 mills for school operating purposes.,Applications may be submitted after June 1 but before November 1 for a partial benefit.
MN,Taconite Credit (In city w/taconite mine),Other,315.1,$ Credit,,,,X,,,,,,,,,,State,Prop Tax Credit,Unspecified,Unspecified,,,,MN101(a),MN101(b),"If applicant's property tax bill is less than $478, then the receive a 66% reduction in their tax bill instead of the flat $315 credit. ","Applicant must live in a city where taconite is mined or quarried, or where there is a taconite concentrating plant. Nonhomestead property is eligible."
MN,Taconite Homestead Credit (Near taconite mine),Other,289.8,$ Credit,,,,X,,,,,,,,,,State,Prop Tax Credit,Unspecified,Unspecified,,,,MN101(b),MN101(a),"If applicant's property tax bill is less than $509, then the receive a 57% reduction in their tax bill instead of the flat $290 credit.",Applicant must live in a school district whose boundaries are within 20 miles of a taconite mine or plant. Nonhomestead property is eligible.
MN,Refund for Significant Property Tax Increases,Other,,Other,,,,X,,,,,,,,,,State,Rebate Check,By Aug 15,Annual,,,,MN102,,"The benefit is equal to 60% of taxes that exceed a 12% increase from the prior year if that amount is over $100. The maximum benefit is $1,000.",The benefit does not extend to increases in taxes due to improvements that increase the value or due to termination of valuation exclusions for older homes or natural disasters.
MN,Agricultural Homestead Market Value Credit,Other,,Other,,,,X,,,,,,,,,,State,Prop Tax Credit,By Dec 15,Unspecified,,,,MN105,,"The credit is equal to 0.3 percent of the first $115,000 of the property's agricultural credit market value plus 0.1 percent of the property's agricultural credit market value in excess of $115,000. The maximum benefit is $490 at $260,000 market value.","To be eligible, a property must be classified as an agricultural homestead, must be class 2a agricultural land or any vacant class 2b land contiguous with the agricultural land and owned by the same party. "
MN,Disabled Veteran Homestead Exempt. (100% disabled),Veterans,300000,$ Exemption,,,Disabled Vet,,X,,,,,X,Yes,,,Local,Prop Tax Exempt.,Jan 1 - Jul 1,One time,,,,MN106(a),"MN107, MN106(b)","Surviving spouse benefit ends after 8 years. If the disabled veteran is not a homeowner, then the primary family caregiver of the eligible veteran can receive the exemption.",
MN,Disabled Veteran Homestead Exempt. (70% disabled),Veterans,150000,$ Exemption,,,Disabled Vet,,,0.7,,,,,,,,Local,Prop Tax Exempt.,Jan 1 - Jul 1,Annual,,,,MN106(b),"MN107, MN106(a)","If the disabled veteran is not a homeowner, then the primary family caregiver of the eligible veteran can receive the exemption.",
MN,Homestead Market Value Exclusion,General,,Other,,,,,,,,,,,,,,Local,Prop Tax Exempt.,By Jan 2,One time,,,,MN107,,"The exclusion is 40% of the first $76,000 of market value, reduced by 9% of the value over $76,000, and phases out completely at $413,800 market value.",Farmstead property is eligible.
MN,Special Classification for the Blind or Disabled,Disabled,,Other,,,,X,X,,X,,,,,,,Local,Prop Tax Exempt.,By Oct 1,Annual,,,,MN108,,"The benefit exempts 55% of the first $50,000 of assessed value.",Disability must be total and permanent and the applicant must be receiving disability payments from a public agency. Benefits extend to surviving spouses of disabled veterans. 
MS,Homestead Exemption for Seniors,Seniors,75000,$ Exemption,65,,,,,,,,,,Yes,,,Shared,Prop Tax Exempt.,Jan 1 - Apr 1,Annual,,,,MS102(a),MS102(b),Recipients of this benefit are also exempted from the forest acreage tax.,
MS,Homestead Exemption for the Disabled,Disabled,75000,$ Exemption,,,,,X,,,,,,Yes,,,Shared,Prop Tax Exempt.,Jan 1 - Apr 1,Annual,,,,MS102(b),MS102(a),Recipients of this benefit are also exempted from the forest acreage tax.,
MS,Homestead Exempt. for Taxpayers Under 65 Years Old,General,,Other,Other,,,,,,,,,,,,,Shared,Prop Tax Credit,Jan 1 - Apr 1,Annual,,,,MS103,,"Tax credit is based on assessed value, with 50 brackets in $150 increments: $6 (Assessed value < $150) to $300 (Value > $7,350).",
MS,Homestead Exemption for Disabled Veterans,Veterans,1,% Exemption,,,Disabled Vet,,X,,,,,,Yes,,,Shared,Prop Tax Exempt.,Jan 1 - Apr 1,Annual,,,,MS104,,,
NC,Homestead Exclusion for Senior Citizens,Seniors,0.5,% Exemption,65,30200,,,,,,,,,,,,Local,Prop Tax Exempt.,By Jun 1,One time,,,,NC101(a),All other property tax relief,"Beneficiaries can take a $29,500 exemption from assessed value instead of the 50% exemption if it would result in greater tax savings (Applies if value < $59,000). Up to one acre of land is eligible for exemption.","Claimants continue to receive benefit if residence unoccupied for medical reasons, including nursing home care."
NC,Homestead Exclusion for Disabled Citizens,Disabled,0.5,% Exemption,,30200,,,X,,,,,,,,,Local,Prop Tax Exempt.,By Jun 1,One time,,,,NC101(b),All other property tax relief,"Beneficiaries can take a $29,500 exemption from assessed value instead of the 50% exemption if it would result in greater tax savings (Applies if value < $59,000). Up to one acre of land is eligible for exemption.","Claimants continue to receive benefit if residence unoccupied for medical reasons, including nursing home care."
NC,Disabled Veteran Homestead Property Tax Exclusion,Veterans,45000,$ Exemption,,,Disabled Vet,,X,,,,,X,Yes,,,Local,Prop Tax Exempt.,By Jun 1,One time,,,,NC104,All other property tax relief,Up to one acre of land is eligible for exemption.,Applicants are eligible if they have received specially adapted housing assistance.
ND,Property Tax Exemption for Disabled Residents ,Disabled,100000,$ Exemption,,,,X,X,,,,X,X,Yes,,,Local,Prop Tax Exempt.,By Feb 1,One time,,,,ND103(a),"ND103(b,c)",,Applicants must be totally disabled and permanently confined to a wheelchair.
ND,Property Tax Exemption for Disabled Veterans,Veterans,120000,$ Exemption,,,Disabled Vet,X,,,,,X,,Yes,,,Local,Prop Tax Exempt.,By Feb 1,One time,,,,ND103(b),"ND103(a,c)",,Applicant must be a paraplegic veteran who has been awarded specially adapted housing by the Department of Veterans Affairs.
ND,Exemption for Disabled Residents (Low-Income),Disabled,160000,$ Exemption,,42000,,,,,,,X,,Yes,,,Local,Prop Tax Exempt.,By Feb 1,One time,,,,ND103(c) ,"ND103(a,b)",,Applicant must be a paraplegic disabled person whose income is less than the income ceiling for claiming the circuit breaker program Homestead Credit (ND101). 
ND,Property Tax Credit for Disabled Veterans,Veterans,,Tied to Disability,,,Disabled Vet,,,0.5,,,,,Yes,,Excl. spec. assess.,State,Prop Tax Credit,By Feb 1,One time,,,,ND104(a),ND104(b),"If taxable value of improvements is below $5,400 (market value ≈ $120,000), there's a percentage reduction in the taxable value of improvements equal to the veteran's disability rating. If taxable value exceeds $5,400, then the exemption equals the percentage disabled x $5,400. The maximum exemption is $6,750 of taxable value (market value = $150,000)",
ND,Prop. Tax Credit for Spouse of Vet Killed in Service,Veterans,1,% Credit,,,Spouse Killed,,,,,,,,,,Excl. spec. assess.,State,Prop Tax Credit,By Feb 1,One time,,,,ND104(b),ND104(a),,Surviving spouse who is receiving department of veterans' affairs dependency and indemnity compensation is eligible. 
ND,Property Tax Exemption for the Blind,Disabled,160000,$ Exemption,,,,,,,X,,,,,,,Local,Prop Tax Exempt.,By Feb 1,Annual,,,,ND106,,"
",
NE,Homestead Exemption for Totally Disabled Veterans,Veterans,1,% Exemption,,,Disabled Vet,X,X,,,X,X,X,Yes,,,State,Prop Tax Exempt.,Feb 3 - Jun 29,Annual,,,,NE104,,,"Totally disabled veterans who have a full service-connected disability, surviving spouses of veterans who died of a service-connected disability while on active duty, and veterans who are paraplegic or multiple amputee and their widows whose home was contributed to by the DVA. Surviving spouses who remarry after reaching the age of 57 are eligible. "
NH,Local Option Elderly Exemption,Seniors,5000,$ Exemption,65,20400,,X,,,,,,,,,,Local,Prop Tax Exempt.,Dec 1 - Apr 15,One time,,Inc.,Inc.,NH103,NH102,,"Applicant must have resided in the state for at least three years. Local government sets asset limit, which must be at least $35,000 and exclude home value. Income ceiling is $13,400 for individuals not married."
NH,Veterans' Standard Tax Credit,Veterans,50,$ Credit,,,All,X,,,,,,,Yes,,,Local,Prop Tax Credit,Dec 1 - Apr 15,One time,,Inc.,,NH105(a),NH109,"Localities may increase the veterans' tax credit up to $500, although surviving spouses are not eligible for a credit above $50 unless their spouse was killed in action. Localities must recertify eligibility at least once every 5 years.",Applicant must have resided in the state one year prior to April 1 of application year.
NH,Veterans' Surviving Spouse Tax Credit,Veterans,700,$ Credit,,,Spouse Killed,,,,,,,,,,,Local,Prop Tax Credit,Dec 1 - Apr 15,One time,,Inc.,,NH105(b),,"Localities may increase benefit to up to $2,000.",
NH,Totally Disabled Veterans' Credit with Local Options,Veterans,700,$ Credit,,,Disabled Vet,,X,,,,,,Yes,,,Local,Prop Tax Credit,Dec 1 - Apr 15,One time,,Inc.,,NH109(a),NH105,"Localities may increase credit up to $2,000. Localities must recertify eligibility at least once every 5 years.","Applicant must have a total and permanent service-connected disability, certified by the US Department of Veteran Affairs. Applicant must have resided in the state one year prior to April 1 of application year."
NH,Veterans' Tax Credits (Spec. Adapted Housing),Veterans,1,% Exemption,,,Disabled Vet,,,,,,,X,Yes,,,Local,Prop Tax Credit,Dec 1 - Apr 15,One time,,,,NH109(b),,Localities must recertify eligibility at least once every 5 years.,
NJ,Property Tax Exemption for Disabled Veterans,Veterans,1,% Exemption,,,Disabled Vet,,X,,X,X,X,X,Yes,,,Local,Prop Tax Exempt.,Calendar Year,One time,,,,NJ102,,Retroactive refunds permitted.,
NJ,Annual Property Tax Deduction for Senior Citizens,Seniors,250,$ Credit,65,10000,,,,,,,,,Yes,55,,Local,Prop Tax Credit,Oct 1 - Dec 31,Annual,,,,NJ103(a),NJ103(b),"After initial application year, required annual form is due by Mar 1.",
NJ,Annual Property Tax Deduction for Disabled Persons,Disabled,250,$ Credit,,10000,,,X,,,,,,Yes,55,,Local,Prop Tax Credit,Oct 1 - Dec 31,Annual,,,,NJ103(b),NJ103(a),"After initial application year, required annual form is due by Mar 1.",
NJ,Property Tax Reimbursement (Senior Freeze),Seniors,,Other,65,70000,,X,,,,,,,,,,State,Rebate Check,By Oct 31,Annual,,,,NJ104(a),NJ104(b),Credit equals the difference between property tax paid in the base year (i.e. first year eligible) and the amount paid in the current year.,"For 2018 benefit, 2017 income is subject to income limit of $70,000 and 2016 income may not exceed $87,000. Applicant must have owned homestead for past three years and lived in the state since 2006."
NJ,Property Tax Reimbursement (Disabled),Disabled,,Other,,70000,,X,,,,,,X,,,,State,Rebate Check,By Oct 31,Annual,,,,NJ104(b),NJ104(a),Credit equals the difference between property tax paid in the base year (i.e. first year eligible) and the amount paid in the current year.,"For 2018 benefit, 2017 income is subject to income limit of $70,000 and 2016 income may not exceed $87,000.  Applicant must be receiving Federal Social Security disability benefits, have owned homestead for past three years, and lived in the state since 2006. "
NJ,Annual Deductions for Veterans,Veterans,250,$ Credit,,,All,,,,,,,,Yes,,,Local,Prop Tax Credit,Oct 1 - Dec 31,Annual,,,,NJ106,,Applicants must have resided in the state for one year prior to October 1 application year. ,
NM,Head-of-Family Exemption,General,6000,$ Exemption,,,,,,,,,,,,,Excl. spec. assess.,Local,Prop Tax Exempt.,30 days after notice,One time,,,,NM102,,Applications are accepted from Jan. 1 to 30 days after the assessors mails the notice of value.,Only residential property owned by head of family or held in grantor trust by head of family is eligible. 
NM,Veteran Exemption,Veterans,12000,$ Exemption,,,All,,,,,,,,Yes,,,Local,Prop Tax Exempt.,Unspecified,One time,,,,NM103,,,
NM,Disabled Veteran Exemption,Veterans,1,% Exemption,,,Disabled Vet,X,X,,,,,,Yes,,,Local,Prop Tax Exempt.,Unspecified,One time,,,,NM104,,,
NV,Property Tax Exemption for Blind Persons,Disabled,11571.4285714286,$ Exemption,,,,X,,,X,,,,,,,Local,Prop Tax Exempt.,Unspecified,One time,,,,NV101,,,Applicant must have resided in the state for at least 6 months. Only the first application requires an affidavit and certification from a licensed physican.
NV,Property Tax Exemption for Veterans,Veterans,7714.28571428571,$ Exemption,,,All,X,,,,,,,,,,Local,Prop Tax Exempt.,Unspecified,One time,,,,NV102,,"The amount of the exemption is $2,800 in 2019.",Veteran must have served during specified periods of conflict. Applicant must have resided in the state for at least 6 months.
NV,Property Tax Exemption for Surviving Spouses,Other,3857.14285714286,$ Exemption,,,,X,,,,,,,,,,Local,Prop Tax Exempt.,Unspecified,One time,,,,NV103,,,
NV,Exemption for Disabled Veterans (100% disabled),Veterans,77142.8571428571,$ Exemption,,,Disabled Vet,,X,,,,,,Yes,,,Local,Prop Tax Exempt.,Unspecified,One time,,,,NV104(a),"NV102, NV104(b,c)",,
NV,Exemption for Disabled Veterans (80% disabled),Veterans,57857.1428571429,$ Exemption,,,Disabled Vet,,,0.8,,,,,Yes,,,Local,Prop Tax Exempt.,Unspecified,One time,,,,NV104(b),"NV102, NV104(a,c)",,
NV,Exemption for Disabled Veterans (60% disabled),Veterans,38571.4285714286,$ Exemption,,,Disabled Vet,,,0.6,,,,,Yes,,,Local,Prop Tax Exempt.,Unspecified,One time,,,,NV104(c),"NV102, NV104(a,b)",,
NY,STAR Exemption (Basic),General,30000,$ Exemption,,500000,,,,,,,,,,,School,State,Prop Tax Exempt.,,One time,,,,NY104(a),NY104(b),"The exemption amount on which the benefit is based is adjusted based on local housing prices, and is lower in the five largest cities (where it is applied to both general city taxes and school taxes). Savings from STAR cannot increase more than 2% per year. Residents of NYC are not eligible. The STAR exemption is now disbursed to new applicants as a rebate check (Starting in 2016), but homeowners who applied in prior years continue to receive STAR as a property tax exemption.",
NY,STAR Exemption (Enhanced),Seniors,65500,$ Exemption,65,86300,,,,,,,,,Yes,62,School,State,Prop Tax Exempt.,,One time,,,,NY104(b),NY104(a),"The exemption amount on which the benefit is based is adjusted based on local housing prices, and is lower in the five largest cities (where it is applied to both general city taxes and school taxes). Savings from STAR cannot increase more than 2% per year. Residents of NYC are not eligible. The STAR exemption is now disbursed to new applicants as a rebate check (Starting in 2016), but homeowners who applied in prior years continue to receive STAR as a property tax exemption.",
NY,Eligible Fund Veterans Exemption,Veterans,7500,$ Exemption,,,All,,,,,,,,Yes,,,Local,Prop Tax Exempt.,Local Option,One time,,,,NY105(a),NY105(b),Local application deadline is usually Mar 1.,
NY,Eligible Fund Seriously Disabled Exemption,Veterans,1,% Exemption,,,Disabled Vet,,,,,,,X,Yes,,,Local,Prop Tax Exempt.,Local Option,One time,,,,NY105(b),NY105(a),Local application deadline is usually Mar 1.,Applicant must be eligible for governmental grants for special equipment in residence to accommodate veteran's disability.
NY,Exemption for Clergy,Other,1500,$ Exemption,,,,X,,,,,,,Yes,,,Local,Prop Tax Exempt.,Local Option,Annual,,,,NY112,,Local application deadline is usually Mar 1.,Applicant must be a member of the clergy or a surviving spouse of clergy.
NY,Property Tax Relief Credit,General,,Other,,275000,,X,,,,,,,,,,State,Rebate Check,,,,,,NY114,,"This credit equals a percentage of a taxpayer's STAR exemption (NY104a), with the percentage depending on the homeowner's 2016 income: Income $75,000 or less (Credit = 60% of Basic STAR savings), Income $75,000 to $150,000 (42.5%), Income $150,000 to $200,000 (25%), Income $200,000 to $275,000 (Credit = 7.5% of Basic STAR Savings). For homeowner's that receive Enhanced STAR (NY104b), this credit equals 26% of their Enhanced STAR savings. This credit is disbursed automatically to qualifying taxpayers receiving STAR benefits. ",New York City property is ineligible. Credit unavailable in communities that have exceeded tax levy limit. 
OH,Senior Property Tax Homestead Exemption,Seniors,25000,$ Exemption,65,32200,,,,,,,,,Yes,59,,State,Prop Tax Exempt.,Calendar Year,One time,,,,OH101(a),OH101(b),,The income ceiling only applies to individuals who turned 65 after 2013. There is no income ceiling for taxpayers who received this exemption in 2013.
OH,Disabled Property Tax Homestead Exemption,Disabled,25000,$ Exemption,,32200,,,X,,,,,,Yes,59,,State,Prop Tax Exempt.,Calendar Year,One time,,,,OH101(b),OH101(a),,Only individuals who became disabled after 2012 are subject to the income limit.
OH,Two and Half Percent Rollback,General,0.025,% Credit,,,,X,,,,,,,,,,State,Prop Tax Credit,By Jun 5,One time,,,,OH102,,,Applicants must be homeowners and occupy the residence. 
OH,Ten Percent Rollback,General,0.1,% Credit,,,,,,,,,,,,,,State,Prop Tax Credit,By Jun 5,One time,,,,OH103,,,
OH,Disabled Veteran Property Tax Homestead Exemption,Veterans,50000,$ Exemption,,,Disabled Vet,,X,,,,,,Yes,,,State,Prop Tax Exempt.,Calendar Year,One time,,,,OH105,,Up to 1 acre of land is eligible for exemption. ,
OK,Property Tax Exemption for Disabled Veterans,Veterans,1,% Exemption,,,Disabled Vet,,X,,,,,,Yes,,,Local,Prop Tax Exempt.,Jan 1- Mar 15,One time,,,,OK102,,,
OK,Homestead Exemption,General,8000,$ Exemption,,,,X,,,,,,,,,,Local,Prop Tax Exempt.,By Mar 15,One time,,,,OK103,,,Applicant must own and live in the home. Homeowners who have delinquent personal property taxes are not eligible. 
OK,Additional Homestead Exemption,Other,8000,$ Exemption,,20000,,X,,,,,,,,,,State,Prop Tax Exempt.,Jan 1 - Mar 15,Annual,,,,OK104,,,Veterans disability compensation is excluded from income computation. Eligible applicants age 65 or older do not need to reapply.
OK,Credit for Natural Disaster Damage,Other,,Other,,,,X,,,,,,,,,,State,Income Tax Credit,With Inc. Tax Return,Annual,,,,OK106,,"The base credit is the difference between the property taxes paid per square foot before the natural disaster and after the residence is rebuilt following the damage. The credit is available for 5 years, with the base credit reduced by 20% each year.",The property must have been destroyed or damaged by a natural disaster after 12/31/2011. The property must be primary residence in years prior to and after the natural disaster and homeowner must be eligible for the homestead exemption in the same years. 
OR,Homestead Exemption for Active Duty Military,Other,88112.0228070938,$ Exemption,,,,X,,,,,,,Yes,,,Shared,Prop Tax Exempt.,Jan 1 - Aug 1,Annual,,,,OR102,,"Exemption was $60,000 in 2005 and has increased 3% each year beginning in 2006, so the 2018 exemption was $88,112.",Program is for members of Armed Services on active duty for 179+ consecutive days.
OR,Disabled Veterans' Exemption,Veterans,25665,$ Exemption,,,Disabled Vet,,,0.4,,,,,Yes,,,Shared,Prop Tax Exempt.,Jan 1 - Apr 1,One time,,,,OR103(a),OR103(b),,"Veterans whose disability is not service-connected are eligible for a $21,386 exemption, and are subject to an income ceiling if their disability was certified by a private practitioner rather than by the VA or armed force (Their income cannot exceed 185% of the Federal Poverty Level). "
OR,Veterans' Surviving Spouses Exemption,Veterans,25665,$ Exemption,,,Spouse Killed,,,,,,,,,,,Shared,Prop Tax Exempt.,Jan 1 - Apr 1,One time,,,,OR103(b),OR103(a),,
PA,Exemption for Disabled Veterans,Veterans,1,% Exemption,,88607,Disabled Vet,,X,,X,X,X,,Yes,,,Local,Prop Tax Exempt.,Unspecified,Every two years,,,,PA104,,,
RI,Gold Start Parents Property Tax Exemption Program,Other,3000,$ Exemption,,,Other,X,,,,,,,,,,Local,Prop Tax Exempt.,Local Option,One time,,Both,,R108(e),,Parents of servicemen killed in duty are eligible.,
RI,Veterans Property Tax Exemption Program,Veterans,1000,$ Exemption,,,All,,,,,,,,Yes,,,Local,Prop Tax Exempt.,Local Option,One time,,Inc.,,RI108(a),,,
RI,Disabled Veterans Property Tax Exemption Program,Veterans,10000,$ Exemption,,,Disabled Vet,,X,,,,,X,Yes,,,Local,Prop Tax Exempt.,Local Option,One time,,Both,,RI108(b),,,Veterans who are totally disabled as a result of service and are awarded specially adapted housing assistance are eligible.
RI,Permanently Disabled Veterans Property Tax Exemption,Veterans,1,% Exemption,,,Disabled Vet,,X,,,,,X,Yes,,,Local,Prop Tax Exempt.,Local Option,One time,,Both,,RI108(c),,,Veterans who are permanently disabled as a result of service and own homesteads acquired or modified with a specially adapted housing grant are eligible.
RI,POW Property Tax Exemption Program,Veterans,15000,$ Exemption,,,Other,,,,,,,X,Yes,,,Local,Prop Tax Exempt.,Local Option,One time,,Both,,RI108(d),,Veterans who have been prisoners of war are eligible.,
RI,Visually Impaired Exemption Program,Disabled,6000,$ Exemption,,,,,,,X,,,,,,,Local,Prop Tax Exempt.,Local Option,One time,,Inc.,,RI109,,,
SC,Homestead Exemption for Paraplegic Persons,Disabled,1,% Exemption,,,,,,,,,,X,Yes,,,Local,Prop Tax Exempt.,Unspecified,One time,,,,SC101,,Up to one acre of land is eligible.,"Paraplegic or hemiplegic is defined as a person who has paralysis of one lateral half of the body resulting from injury to the motor centers of the brain. Those with Parkinson's Disease, Multiple Sclerosis, or Amyotrophic Lateral Sclerosis (ALS) who have the same ambulatory difficulties as a person with paraparesis or hemiparesis are included."
SC,Exemption for Disabled Veterans,Veterans,1,% Exemption,,,Disabled Vet,,X,,,,,,Yes,,,Local,Prop Tax Exempt.,Unspecified,One time,,,,SC102(a),SC102(b),,
SC,Exemption for Former Police/Firefighters,Other,1,% Exemption,,,,X,X,,,,,,Yes,,,Local,Prop Tax Exempt.,Unspecified,One time,,,,SC102(b),SC102(a),,"Applicant must be a former police officers or fire fighter with a permanent service-connected disability, or their surviving spouse."
SC,Homestead Exemption for Senior Citizens,Seniors,50000,$ Exemption,65,,,,,,,,,,Yes,,,State,Prop Tax Exempt.,Unspecified,One time,,,,SC103(a),SC103(b),,
SC,Homestead Exemption for Blind or Disabled Persons,Disabled,50000,$ Exemption,,,,,X,,X,,,,Yes,,,State,Prop Tax Exempt.,Unspecified,One time,,,,SC103(b),SC103(a),,
SC,School Property Tax Exemption for All Homeowners,General,1,% Exemption,,,,X,,,,,,,,,School,State,Prop Tax Exempt.,,,,,,SC104,,The benefit is an exemption from school taxes for operating costs and does not include taxes levied to retire general debt.,Benefit applies to residential property and privately owned agricultural property. No application is required.
SD,Property Tax Exemption for Paraplegic Veterans,Veterans,1,% Exemption,,,Disabled Vet,,,,,X,X,,Yes,,,Local,Prop Tax Exempt.,Jan 1 - Nov 1,Annual,,,,SD102(a),,,
SD,Property Tax Exemption for Totally Disabled Veterans,Veterans,100000,$ Exemption,,,Disabled Vet,,X,,,,,,Yes,,,Local,Prop Tax Exempt.,Jan 1 - Nov 1,One time,,,,SD102(b),,,
TN,Property Tax Relief for the Elderly,Seniors,27600,$ Exemption,65,29270,,,,,,,,,, ,,State,Rebate Check,Other,Annual,,Inc.,,TN101(a),TN101(b),Claim must be submitted at least 35 days before taxes become delinquent.,
TN,Property Tax Relief for the Disabled,Disabled,27600,$ Exemption,,29270,,,X,,,,,,,,,State,Rebate Check,Other,Annual,,Inc.,,TN101(b),TN101(a),Claim must be submitted at least 35 days before taxes become delinquent.,
TN,Property Tax Relief for Disabled Veterans,Veterans,175000,$ Exemption,,,Disabled Vet,X,X,,X,X,X,,Yes,,,State,Rebate Check,Other,Annual,,,,TN102,"TN101 (a,b)",Claim must be submitted at least 35 days before taxes become delinquent.,"Applicants who relocate to a health care facility or nursing home, or in the care of a friend or relative, will continue to qualify for this program. "
TX,"Homestead Exemption (School taxes, General exempt.)",General,25000,$ Exemption,,,,,,,,,,,,,School,Local,Prop Tax Exempt.,Jan 1 - Apr 30,One time,,,,TX101(a),"TX101(b,c)",,
TX,"Homestead Exemption (School taxes, Seniors)",Seniors,35000,$ Exemption,65,,,,,,,,,,Yes,55,School,Local,Prop Tax Exempt.,Jan 1 - Apr 30,One time,,,,TX101(b),"TX101(a,c)",This exemption is applied after the senior tax freeze (TX102).,
TX,"Homestead Exemption (School taxes, Disabled)",Disabled,35000,$ Exemption,,,,,,,,,,X,,,School,Local,Prop Tax Exempt.,Jan 1 - Apr 30,One time,,,,TX101(c),"TX101(a,b)",,"Applicants must be either 1) unable to engage in gainful work because of physical or mental disability, 55 years old and blind and unable to engage in previous work due to blindness, or 3) receive Social Security disability benefits."
TX,Homestead Exemption (County special taxes),General,3000,$ Exemption,,,,,,,,,,,,,Other,Local,Prop Tax Exempt.,Jan 1 - Apr 30,One time,,Inc.,,TX101(d),,Exemption is for county special taxes for farm-to-market roads or flood control. Localities may increase the exemption for the elderly or disabled.,
TX,Disabled Veterans Exemption (Partially disabled),Veterans,,Tied to Disability,,,Disabled Vet,,,0.1,,,,,Yes,,,Local,Prop Tax Exempt.,Jan 1 - Apr 30,One time,,,,TX103(a),TX103(b-d),"Four exemption levels based on disability rating from VA: 10-30% ($5,000 exemption), 31-50% ($7,500), 51-70% ($10,000), 71-99% ($12,000).",
TX,Disabled Veterans Exemption (Totally disabled),Veterans,1,% Exemption,,,Disabled Vet,,X,,,,,,Yes,,,Local,Prop Tax Exempt.,Jan 1 - Apr 30,One time,,,,TX103(b),"TX103(a,c,d)",,
TX,Disabled Veterans Exemption (Seniors),Veterans,12000,$ Exemption,65,,Disabled Vet,,,0.1,X,X,,,Yes,,,Local,Prop Tax Exempt.,Jan 1 - Apr 30,One time,,,,TX103(c),"TX103(a,b,d)",,
TX,Disabled Veterans Exemption (Surviving spouse),Veterans,5000,$ Exemption,,,Spouse Killed,,,,,,,,,,,Local,Prop Tax Exempt.,Jan 1 - Apr 30,One time,,,,TX103(d),TX103(a-c),,Children under 18 of a veteran killed in duty are also eligible for this exemption.
TX,Exemption for Donated Homestead of Disabled Veteran,Veterans,,Tied to Disability,,,Disabled Vet,X,,,,,,X,Yes,,,Local,Prop Tax Exempt.,Jan 1 - Apr 30,One time,,,,TX103(e),,The benefit is an exemption from appraised value equal to the percentage of the veteran's disability.,Partially disabled veterans are eligible if their home was donated by a charitable organization at no cost or up to half of the home's market value.
TX,100 Percent Disabled Veterans Exemption,Veterans,1,% Exemption,,,Disabled Vet,X,X,,,,,,Yes,,,Local,Prop Tax Exempt.,Jan 1 - Apr 30,One time,,,,TX105,,,
UT,Primary Residential Property Exemption,General,0.45,% Exemption,,,,X,,,,,,,,,,Local,Prop Tax Exempt.,Local Option,Local option,,,,UT101,,,
UT,Veterans Disability Exemption (Totally disabled),Veterans,473400,$ Exemption,,,Disabled Vet,,X,,,,,,Yes,,,Local,Prop Tax Exempt.,By Sep 1,One time,,,,UT103(a),"UT103(b,c)",,Surviving minor children are eligible to receive benefits of deceased disabled veteran.
UT,Veterans Disability Exemption (Partially disabled),Veterans,,Tied to Disability,,,Disabled Vet,,,0.1,,,,,Yes,,,Local,Prop Tax Exempt.,By Sep 1,One time,,,,UT103(b),"UT103(a,c)","Exemption amount equals the vet's disability rating multiplied by the adjusted taxable value limit for a veteran ($260,370 in 2018). There is a 55% assessment ratio for residential property in UT, so market value of exemption equals the vet's disability rating multiplied by $473,400.",Surviving minor children are eligible to receive benefits of deceased disabled veteran.
UT,Veterans Disability Exemption (Surviving Spouse),Veterans,1,% Exemption,,,Spouse Killed,,,,,,,,,,,Local,Prop Tax Exempt.,By Sep 1,One time,,,,UT103(c),"UT103(a,b)",,Exemption is also available for surviving minor children of veteran killed in duty and spouses of veterans who died as a result of service-connected injuries.
UT,Blind Exemption,Disabled,20909.0909090909,$ Exemption,,,,,,,X,,,,Yes,,,Local,Prop Tax Exempt.,By Sep 1,Annual,,,,UT104,,,Surviving minor orphans are eligible if their parent was blind and previously received this benefit.
UT,Homeowner Valuation Reduction,Seniors,0.2,% Exemption,66,33530,,X,,,,,,,Yes,,,Local,Prop Tax Credit,Other,Other,,,,UT106,,The additional tax relief is granted to qualifying taxpayers who have applied for the Homeowner's credit circuit breaker.,
UT,Active Duty Armed Forces Exemption,Veterans,1,% Exemption,,,Other,X,,,,,,,,,,Local,Prop Tax Exempt.,By Sep 1,Annual,,,,UT107(a),,Includes up to a maximum of 1 acre of land. ,"Applicants must have been on active duty or reserve duty outside the state for 200 days in a calendar year, or 200 consecutive days in the year before the application is filed. "
UT,Active Duty Exemption (Surviving Spouse),Veterans,1,% Exemption,,,Spouse Killed,,,,,,,,,,,Local,Prop Tax Exempt.,By Sep 1,Annual,,,,UT107(b),,Includes up to a maximum of 1 acre of land. ,
VA,Exemption for Disabled Veterans,Veterans,1,% Exemption,,,Disabled Vet,,X,,,,,,Yes,,,Local,Prop Tax Exempt.,by April 15,One time,,Inc.,,VA103,,"If property has multiple owners besides the claimant's spouse, the benefit is based on percentage of ownership. Localities may opt to exempt more than one acre of land. Eligibility must be recertified annually. ","Suriving spouses of veterans who died on or after Jan 1, 2011 are eligible. Residents of hospitals or long term care facilities remain eligible."
VA,Exempt. for Spouses of Armed Forces Killed in Action,Veterans,1,% Exemption,,,Spouse Killed,,,,,,,,,,,Local,Prop Tax Exempt.,by April 15,One time,,Inc.,,VA104,,The maximum dollar amount for an exemption is the county's average assessed value for single family residences. Localities may opt to exempt more than one acre of land. ,Residents of long-term care facilities are eligible.
VT,Veterans' Property Tax Exemption,Veterans,10000,$ Exemption,,,Disabled Vet,,,0.5,,,,,Yes,,,Local,Prop Tax Exempt.,By May 1,Annual,,Inc.,,VT104,,"Surviving spouses, totally and permanently disabled veterans, veterans with a permanent medical retirement, and veterans with a disability compensation rating of 50% or higher for 10 consecutive years must only apply one time.",Children of qualifying veteran are eligible if they are receiving dependent and survivor benefits.
WI,School Property Tax Credit for Renters/Homeowners,General,0.12,% Credit,,,,,,,,,,,,,,State,Income Tax Credit,On inc. tax return,Annual,,,,WI103,,The max credit is $300 (married filers) or $150 (single filers).,
WI,Homeowner Property Tax Relief (Lottery Credit),General,17000,$ Exemption,,,,,,,,,,,,,School,State,Prop Tax Credit,Jan 1 - Jan 31,Annual,,,,WI104,,,
WI,First Dollar Credit,General,6800,$ Exemption,,,,,,,,,,,,,School,State,Prop Tax Credit,,,,,,WI105,,,
WI,School Levy Tax Credit,General,,Other,,,,,,,,,,,,,School,State,Prop Tax Credit,,,,,,WI106,,The exemption varies by municipality. Each municipality's credit is calculated by multiplying the ratio of municipal school levies to statewide school levies by total state funding. The credit for individual properties is based on assessed value as a percent of total municipal assessed value. ,
WI,Disabled Veteran and Surviving Spouse Tax Credit,Veterans,1,% Credit,,,,X,X,,,,,,Yes,,,State,Income Tax Credit,,One time,,,,WI107,,,Applicant must have been a resident of WI for at least five years prior to service.
WV,Senior Citizens' Homestead Property Tax Exemption,Seniors,33333.3333333333,$ Exemption,65,,,X,,,,,,,,,,Local,Prop Tax Exempt.,Jul 1 - Oct 1,One time,,,,WV101(a),WV101(b),,Applicant must have resided in state for at least two years.
WV,Disabled Homestead Property Tax Exemption,Disabled,33333.3333333333,$ Exemption,,,,X,X,,,,,,,,,Local,Prop Tax Exempt.,July 1 - Oct 1,One time,,,,WV101(b),WV101(a),,Applicant must have resided in state for at least two years. 
WV,Senior Citizens' Tax Credit (Low income),Seniors,33333.3333333333,$ Exemption,65,24690,,,,,,,,,,,,State,Income Tax Credit,By Apr 15,Annual ,,,,WV102,WV101,,"Income ceiling depends on household size: 1 person ($18,090), 2 ($24,360), 3 ($30,630), 4 ($36,900), 5 ($43,170), 6 ($49,440), 7 ($55,710), 8 ($61,800). Income ceilings are equal to 150% of federal poverty guidelines for 2017 (Source: HHS)."
WY,Property Tax Refund for Low Income Homeowners,Other,0.5,% Credit,,46778,,X,,,,,,,,,,State,Rebate Check,By Jun 3,Annual,,,,WY102,,"The rebate equals the lesser of 50% of the applicant's 2018 property tax liability or 50% of the median property tax liability in their county, and may be prorated depending on available state funds. Wyoming's FY20 budget appropriated $650,000 for this program in 2019; it had not been funded since 2016.","Applicant must have resided in the state for the past five years. Applicant's income cannot exceed three-quarters of the median household income for the state or county where they reside, whichever is higher (3/4 of statewide median income was $46,778). The applicant's total household assets cannot exceed $120,339 per adult member of the household, excluding the value of their home, retirement accounts, and one car per adult."
WY,Exemption for Veterans,Veterans,31578.9473684211,$ Exemption,,,Warzone,,,,,,,,Yes,,,State,Prop Tax Exempt.,By May 22,Annual,,,,WY105,,,Applicant must have lived in the state 3 years. Veterans who served in a warzone and disabled veterans are eligible for this exemption.
,,,,,,,,,,,,,,,,,,,,,,,,,,,,
,Local Option Programs,,,,,,,,,,,,,,,,,,,,,,,,,,,
AK,Local Option Exemption for Special Assessments,General,,Local Option,,,,,,,,,,,,,Special assessment,Local,Prop Tax Exempt.,Local Option,Local Option,Yes,Both,Both,AK106,,"Max benefit $20,000 per residence",
CO,Local Option Property Tax Work-Off Program,Other,,Other,60,,,X,,,,,,X,,,,Local,Rebate Check,Local Option,Local Option,Yes,,Dec.,CO104,,This programs allows localities to offer eligible homeowners work in lieu of property tax payment at the federal minimum wage rate up to the total amount of property taxes owed. Benefit reduces taxes for applicant's homestead if it is non-income producing. ,Applicants must be 60+ or disabled. Localities may restrict definition of disability for eligibility.
CT,Local Option Tax Relief for Seniors,Seniors,,Local Option,65,Local Option,,,,,,,,,,,,State,Local Option,Feb 1 - May 15,2 Years,Yes,Both,Both,CT112(a),,"Relief under this program cannot exceed 10% of property value. If the total amount of tax relief provided by this program and other tax relief programs exceeds 75% of the taxes that would be owed without relief, then towns are required to put a lien on the property for the amount of tax relief exceeding 75%.",Municipalities can set their own eligibility criteria and income requirements.
CT,Local Option Tax Relief for Disabled,Disabled,,Local Option,,Local Option,,,X,,,,,,,,,State,Local Option,Feb 1 - May 16,2 Years,Yes,Both,Both,CT112(b),,"Relief under this program cannot exceed 10% of property value. If the total amount of tax relief provided by this program and other tax relief programs exceeds 75% of the taxes that would be owed without relief, then towns are required to put a lien on the property for the amount of tax relief exceeding 75%.",Municipalities can set their own eligibility criteria and income requirements.
CT,Local Option for Firefighters & Emergency Personnel,Other,,Local Option,,,,X,,,,,,,,,,Local,Prop Tax Exempt.,Local Option,Local Option,Yes,Both,,CT113,,"Municipalities may provide either an exemption of assessed value up to an amount equal to $1 million divided by the mill rate, or an abatement of up to $1,000. Localities may enter into interlocal agreements to provide relief to volunteers who live in one municipality and volunteer in another.","For individuals who volunteer their services such as firefighters, EMTs, paramedic, search and rescue, ambulance drivers. Retired personnel are also eligible if they volunteered their services for at least 25 years."
CT,Local Option for Surv. Spouses of Police/Firefighters,Other,,Local Option,,,,X,,,,,,,,,,Local,Prop Tax Credit,Local Option,Local Option,Yes,Both,,CT114,,"In adopting the program, a municipality may choose full or partial abatement.","Must be a surviving spouse of a police officer, firefighter or EMT who dies while performing duties."
CT,Local Option Exemption for Veterans,Veterans,,Local Option,,21000,Warzone,,,,,,,,,,,Local,Prop Tax Exempt.,Local Option,2 Years,Yes,Both,Both,CT115,,"The exemption provided can be up to $5,000 or an amount up to 5% of assessed value.","This program is for veterans who do not qualify for the standard deduction (CT104) because of their dates of service and who were not injured in service. The income levels may be either the statutory limit for single individuals, $21,000, or an amount established by the municipality, not to exceed this amount by more than $25,000."
DE,Home Exemption for Elderly (Non-municipal taxes),Seniors,,Local Option,65,6000,,X,,,,,,,,,Excl. municipal taxes,Local,Prop Tax Exempt.,Local Option,Local Option,Yes,Both,,DE101,,"Counties determine the amount of the credit, with a max benefit of $5,000. Kent County Levy Court provides up to a 100% exemption to applicants 65 or older or 100% disabled with income up to $22,000 if married ($16,000 if unmarried).","Applicant must have lived in the state for at least three years. Income ceiling is $3,000 if unmarried."
DE,Home Exemption for Elderly (Municipal taxes),Seniors,,Local Option,65,,,,,,,,,,,,Municipal,Local,Prop Tax Exempt.,Local Option,Local Option,Yes,Both,Both,DE102,,,Statute does not prescribe type of exemption (percentage or dollar amount)
DE,Senior School Property Tax Credit,Seniors,0.5,% Credit,65,,,,,,,,,,,,School,State,Prop Tax Credit,By  April 30,Annual,Yes,,,DE103,,The max credit is $500. State will mail rebate checks directly to individuals who qualify for the program.,Applicant must have lived in the state 10 years.
FL,Local Option Exemption for Seniors ($50k Exemption),Seniors,50000,$ Exemption,65,29454,,,,,,,,,,,,Local,Prop Tax Exempt.,Jan 1 - Mar 1,Annual,Yes,,,FL107,,Localities may offer instead of or in addition to FL107(b). The exemption applies only to taxes levied by the unit of government granting the exemption. ,
FL,Local Opt. Exemp. for Seniors w/Long-Time Residency,Seniors,1,% Exemption,65,29454,,X,,,,,,,,,,Local,Prop Tax Exempt.,Jan 1 - Mar 1,Annual,Yes,,,FL109,,Localities may offer instead of or in addition to FL107(a). The exemption applies only to taxes levied by the unit of government granting the exemption.,"To be eligible for a 100% exemption, the homeowner must have lived in the homestead for at least 25 years, and the value of the property must be less than $250,000 in the first year that the tax owner applies and is eligible for exemption."
GA,Local Option Homestead Exemption,General,,Local Option,,,,,,,,,,,,,,Local,Prop Tax Exempt.,Jan 1 - Apr 2,One time,Yes,Both,Both,GA109,,"Counties may enact local homestead exemptions and/or valuation freezes. Exemption may apply to county, school, and/or municipal taxes.",Local governments may set eligibility criteria based on age and income.
HI,Basic Home Exemption,General,,Local Option,,,,,,,,,,,,,,Local,Prop Tax Exempt.,Local Option,Local Option,Yes,Both,Both,HI101,HI102,"Hawaii County exemption is $40,000. Kauai County exemption is $160,000. City and County of Honolulu exemption is $80,000. Maui exemption is $200,000. ",
HI,Homestead Exemption for the Elderly,Seniors,,Local Option,Local Option,,,,,,,,,,,,,Local,Prop Tax Exempt.,Local Option,Local Option,Yes,Both,Both,HI102,HI101,"In Hawaii County, exemption is $80,000 for claimants age 60-69 and $100,000 for age 70+. In Kauai County, exemption is $180,000 for ages 60-70 and $200,000 for 71 and older. In the City and County of Honolulu, exemption is $120,000 for age 65+. Maui County does not offer an exemption based on age.",Age criteria set locally.
HI,Exemption for Totally Disabled Veterans,Veterans,1,% Exemption,,,Disabled Vet,,X,,,,,,Yes,,Excl. special assess.,Local,Prop Tax Exempt.,Local Option,Local Option,Yes,,Dec.,HI105,,"In Maui County, eligible taxpayers are levied a total property tax of $150 per year.","In Maui County, only unremarried surviving spouses of veterans who died while on active duty are eligible for the benefit. "
HI,Person Affected with Hansen's Disease (Leprosy),Other,,Local Option,,,,,,,,,,X,,,,Local,Prop Tax Exempt.,Local Option,Local Option,Yes,Both,Both,HI106,,"Benefits vary by county. Max exemption is $25,000 in Maui and Honolulu counties and $50,000 in Kauai and Hawaii counties.",Applicant must have leprosy. Specific criteria vary by county.
HI,Additional Homestead Exemption (Low-Income),Other,,Local Option,,Local Option,,,,,,,,,,,,Local,Prop Tax Exempt.,Local Option,Local Option,Yes,Both,Both,HI107,,"In Honolulu, benefit ranges from $140,000 to $200,000 based on age. In Kauai County, the exemption is $120,000.",Honolulu and Kauai Counties set income limit at 80% of median household income.
HI,Homestead Exemption for Disabled People,Disabled,,Local Option,,,,Local Option,X,,X,,,X,,,,Local,Prop Tax Exempt.,Local Option,Local Option,Yes,Both,Both,HI109,,"In Honolulu City and County and and Maui County, the exemption is $25,000. In Kaua'I County and Hawaii County, the exemption is $50,000. ",Eligibilty requirements may vary slightly from county to county.
IL,Local Option Senior Citizen Property Tax Refund,Seniors,,Local Option,65,,,X,,,,,,,,,Municipal,Local,Rebate Check,Local Option,Annual,Yes,Both,,IL106,,,No co-owner may be under 60 years of age.
IL,Long-time Occupant Homestead Exemption (LOHE),Other,,% Exemption,,100000,,X,,,,,,,,,,Local,Prop Tax Exempt.,Calendar Year,Annual,Yes,,,IL112,"IL101, IL102","This program is only for Cook County. This program provides tax relief for homeowners with a large year-over-year increase in assessed values, with tax relief offsetting any taxes due to an increase in A.V. greater than 7% (If income up to $75,000) or greater than 10% (If income $75,001-$100,000).","To qualify for the benefit, the property must be occupied by the claimant for 10 continuous years or 5 continuous years if the person receives assistance to acquire the property as part of a government or non-profit housing program. Qualifying taxpayers must opt in to Alternative General Homestead Exemption in order to apply."
LA,Head of Family Local Option Tax Relief,Other,,Local Option,,,,X,,,,,,,,,,Local,Prop Tax Exempt.,Local Option,Local Option,Yes,Dec.,Both,LA104,,"Maximum exemption is $2,000 assessed value ($20,000 market value).",The homeowner must be head of a family and/or have dependents.
LA,Local Option Home Exemption for Disabled Veterans,Veterans,75000,$ Exemption,,,,,X,,,,,,Yes,,,Local,Prop Tax Exempt.,Local Option,Local Option,Yes,,,LA105,,,
MA,Work-Off Abatement for Persons Over Age 60 & Vets,Other,,Local Option,60,,,X,,,,,,,Yes,,,Local,Prop Tax Credit,Local Option,Local Option,Yes,Dec.,,MA107,,"The max credit is $1,500 for homeowners 60 years or older and $1,000 for disabled veterans. Hourly rate equivalent may not exceed minimum wage. Localities may adopt lower maximum benefits. Cities and towns may reduce the property tax bills of veterans up to a credit of $1,000.",Program allows localities to offer tax abatements to senior citizens and veterans with a service-connected disability who provide volunteer services.
MA,Local Option Exemption for Residential Properties,General,,Local Option,,,,,,,,,,,,,,Local,Prop Tax Exempt.,Local Option,Local Option,Yes,Both,,MA111,,"The amount of the exemption may not exceed 35% of the average residential assessed value in the municipality, except by special legislation. Localities may select an exemption that is not income sensitive and is automatically applied before tax bills are sent out. Localities adopting low and moderate income exemption options require annual application.",
MA,Local Option Exemp. from Community Preservation Act,Other,,Local Option,,,,X,,,,,,,,,Other,Local,Prop Tax Exempt.,By Apr 1,Annual,Yes,Both,Both,MA113,,"The benefit is an exemption or partial exemption from the surcharges applied to real property if the city or town has adopted a Community Preservation Plan ordinance. The Community Preservation Act, which must be adopted by a local ballot measure, allows localities to impose a surcharge of up to 3% of the property tax levy to support open space protection, historic preservation, affordable housing, and outdoor recreation. ",Eligibility criteria are determined locally and may be based on ability to qualify for housing assistance.
MD,Credit for Residential Prop. in Airport Noise Zone,Other,,Local Option,,,,X,,,,,,,,,,Local,Prop Tax Credit,,,Yes,Both,,MD109,,,Home must be within the 75 LDN noise contour surrounding BWI Airport.
MD,Credit for Disabled Police and Rescue Workers,Other,,Local Option,,,,X,X,,,,,,Yes,,,Local,Prop Tax Credit,Local Option,Local Option,Yes,Both,,MD110,,,"Program is for police officers, rescue workers (fire, EMS), and correctional officers who became totally disabled in the course of their work. In addition to surviving spouses, certain qualifying co-habitants are also eligibible."
MD,Credit on Rentals for Elderly/Disabled Tenants,Other,,Local Option,,,,X,,,,,,,,,,Local,Prop Tax Credit,Feb 1 - Sept 1,Annual,Yes,Both,,MD111,,,Program is for owners of rental units that provide reduced rent for elderly (65+) or disabled tenants.
MD,Tax Credit for Elderly with Limited Incomes,Seniors,,Local Option,65,Local Option,,Local Option,,,,,,,,,,Local,Prop Tax Credit,Local Option,Local Option,Yes,Both,Both,MD112,,,Applicants must be 65 and have limited income but other criteria set locally.
MD,Tax Credit for Family Assistance Dwellings,Other,,Local Option,,,,X,,,,,,,,,,Local,Prop Tax Credit,Local Option,Local Option,Yes,Both,,MD113,,,"Must be owner of a family assistance dwelling, defined as: 1) not a vacation home, 2) not homeowner's residence but used for personal purposes for 14 days or 10% of the days during a year in which the unit is rented at a fair rental, and 3) the only residence of a family-member who makes rental payments that are less than 90% of a fair rental price and is entitled to low income assistance benefits under a federal or state program."
MD,Property Tax Credit for Acquired Dwellings,Other,,Local Option,,,,X,,,,,,,,,,Local,Prop Tax Credit,Local Option,Local Option,Yes,Both,Both,MD115,,,Must have owned a home that was acquired by the State for public use and that had previously been eligible for the homestead tax credit.
ME,Municipal Property Tax Assistance (Senior Work Off),Seniors,,Local Option,60,,,,,,,,,X,,,,Local,Prop Tax Credit,Local Option,Local Option,Yes,Dec.,Both,ME106,,Maximum benefit is $750.,Program allows localities to offer tax abatements to senior citizens who provide volunteer services. Additional criteria set locally.
ND,Local Option Exemption for New Residential Property,Other,,Local Option,,,,X,,,,,,,,,,Local,Prop Tax Exempt.,Local Option,Local Option,Yes,Dec.,Both,ND105,,"Maximum benefit is $150,000 of full (market) value.",New single-family residential property is eligible for first two taxable years after the construction is completed and the residence is owned and occupied for the first time. Local governing body may limit or impose conditions upon exemptions.
NH,Exemption for Deaf Persons,Disabled,15000,$ Exemption,,20400,,X,,,,,,X,,,,Local,Prop Tax Exempt.,Dec 1 - Apr 15,One time,Yes,Inc.,Inc.,NH101,,The value of property improvements to assist deaf or severly hearing impaired inhabitants can also be deducted from total assessed value of the property each year.,"Applicant must be deaf and have resided in the state for at least five consecutive years. Local government sets asset limit, which must be at least $35,000 and exclude home value. Income ceiling is $13,400 for individuals not married. Property can be owned by the deaf resident's spouse."
NH,Local Option Exemption for Disabled Persons,Disabled,,Local Option,,20400,,X,,,,,,X,,,,Local,Prop Tax Exempt.,Dec 1 - Apr 15,One time,Yes,Both,Inc.,NH102,NH103,,"Applicant must have resided in the state for at least five years . Local government sets asset limit, which must be at least $35,000 and exclude home value. Income ceiling is $13,400 for individuals not married."
NH,Exemption for the Blind with Local Option,Disabled,15000,$ Exemption,,,,,,,X,,,,,,,Local,Prop Tax Exempt.,Dec 1 - Apr 15,One time,Yes,Inc.,Inc.,NH106,,,
NY,Local Option Senior Citizen Homestead Exemption,Seniors,0.5,% Exemption,65,Local Option,,X,,,,,,,Yes,62,,Local,Prop Tax Exempt.,By Mar 1,Annual,Yes,Both,Inc.,NY102,,Some localities may set a different application deadline.,"Applicant must have owned property for at least one year. Localities may set income ceiling between $3,000 and $29,000. Localities using a $29,000 income ceiling may offer exemptions of less than 50% to applicants with incomes over $29,000 but under $37,400 using the ""sliding scale option."" Income limit is $50,000 for NYC."
NY,Local Option Exemption for Person with Disabilities,Disabled,0.5,% Exemption,,Local Option,,,,,,,,X,,,,Local,Prop Tax Exempt.,By Mar 1,Annual,Yes,Inc.,Inc.,NY103,,Some localities may set a different application deadline.,"Localities may set income ceiling between $3,000 and $29,000. Localities using a $29,000 income ceiling may offer exemptions of less than 50% to applicants with incomes over $29,000 but under $37,400 using the ""sliding scale option."""
NY,Alternative Veterans Exemption (War time vet),Veterans,0.15,% Exemption,,,All,,,,,,,X,Yes,,,Local,Prop Tax Exempt.,Local Option,One time,Yes,Both,,NY106(a),,"Local governments choose the maximum dollar amount of the exemption, which can range from $9,000 to $45,000 (or $75,000 for localities with high appreciation). Local application deadline is usually Mar 1.",Only veterans who served during period of war eligible.
NY,Alternative Veterans Exemption (Combat zone),Veterans,0.1,% Exemption,,,Warzone,,,,,,,,Yes,,,Local,Prop Tax Exempt.,Local Option,One time,Yes,Both,,NY106(b),,"This exemption is in addition to the 15% exemption for wartime veterans (NY106a). Local governments choose the maximum dollar amount of the exemption, which can range from $6,000 to $30,000 (or $50,000 for localities with high appreciation). Local application deadline is usually Mar 1.",
NY,Alternative Veterans Exemption (Disabled),Veterans,,Tied to Disability,,,Disabled Vet,,,0.1,,,,,Yes,,,Local,Prop Tax Exempt.,Local Option,One time,Yes,Both,,NY106(c),,"Exemption amount equals one-half of the vet's disability rating multiplied by a maximum benefit chosen by the local government, which can range from $30,000 to $150,000 (or $200,000 for localities with high appreciation). That means the exemption falls between $1,500 (1/2 x 10% x 30,000) and $75,000 (1/2 x 100% x 150,000) (With a higher range for localities with high appreciation). Local application deadline is usually Mar 1.",
NY,Volunteer Firefighter & Ambulance Worker Exempt.,Other,0.1,% Exemption,,,,X,,,,,,,Yes,,,Local,Prop Tax Exempt.,Local Option,One time,Yes,Both,Both,NY107,,"Local governments choose the maximum dollar amount of the exemption, which can range from $500 to $3,000 in most counties. In Montgomery, Nassau, Suffolk, and Westchester counties there is no maximum dollar amount for the exemption. Local application deadline is usually Mar 1.",Applicant must be member of a volunteer fire department or ambulance service.
PA,School District Exemption for Homestead Property,General,,Local Option,,,,,,,,,,,,,School,Shared,Prop Tax Exempt.,By Mar 1,Annual,Yes,Both,,PA101,,Value of exemption must be less than 50% of the median assessed value of homestead property in the locality and must be applied uniformly to all homesteads.,Residents of Philadelphia are ineligible but qualify for a wage tax reduction and a city-specific homestead exemption.
PA,County or City Homestead Exemption (Act 50),General,,Local Option,,,,,,,,,,,,,County & municipal,Local,Prop Tax Exempt.,By Mar 1,One time,Yes,Both,,PA103,,Value of exemption must be less than 50% of the median assessed value of homestead property in the locality.,
TX,Homestead Exemption (Local options),General,,Local Option,,,,,,,,,,,,,,Local,Prop Tax Exempt.,Jan 1 - Apr 30,One time,Yes,Both,Both,TX101(e),,"Localities may exempt up to 20% of a property's appraised value, with a minimum exemption of $5,000.",
UT,Local Option Low-Income Deferral or Abatement,Seniors,984,$ Credit,65,33530,,X,,,,,,X,,,,Local,Prop Tax Credit,By Sep 1,Annual,Yes,Both,Inc.,UT102,,"Counties have option to grant either a $984 credit (maximum benefit for lowest income threshold for state circuit breaker program) or a 50% credit to low-income seniors, whichever is lower. ","To be eligible, claimants must have lived in the state 10 months. Benefit may be extended to applicants who are disabled and/or who demonstrate extreme hardship."
VA,Local Option Exemption for Seniors,Seniors,,Local Option,65,,,,,,,,,,,,,Local,Other,Local Option,Local option,Yes,Both,Both,VA101(a),,,No more than 10 acres of land eligible.
VA,Local Option Exemption for Disabled,Disabled,,Local Option,,,,,X,,,,,,,,,Local,Other,Local Option,Local option,Yes,Both,Both,VA101(b),,,No more than 10 acres of land eligible.
VA,Exempt. For Spouses of Police/Fire Killed in Duty,Other,1,% Exemption,,,,X,,,,,,,,,,Local,Prop Tax Exempt.,Unspecified,One time,Yes,Inc.,,VA105,,The maximum dollar amount for an exemption is the county's average assessed value for single family residences. Localities may opt to exempt more than one acre of land.,This local option exemption is for surviving spouses of public service officers or firefighters killed in the line-of-duty. Residents of long-term care facilities are eligible.
,,,,,,,,,,,,,,,,,,,,,,,,,,,,
,Legend,,,,Local Option: Local governments set criteria.,,,,T: Total Disability,,,,,,,,Excl: Excludes,,,,,Adpt: Program Adoption,,,,,,
,,,,,,,,,P: Partial Disability,,,,,,,,Blank: All taxes or unspecified,,,,,Ben: Benefit Levels,,,,,,
,,,,,,,,,Bl: Blind,,,,,,,,,,,,,Elig: Eligibility Criteria,,,,,,
,,,,,,,,,LL: Loss of Limbs,,,,,,,,,,,,,Inc: Can increase benefits or expand eligibility,,,,,,
,,,,,,,,,Par: Paralysis,,,,,,,,,,,,,Dec: Can decrease benefits or reduce eligibility,,,,,,
,,,,,,,,,O: Other,,,,,,,,,,,,,Both: Can increase or decrease benefits and eligibility,,,,,,
,,,,,,,,,,,,,,,,,,,,,,,,,,,,
,Suggested Citation,,,,,,,,,,,,,,,,,,,,,,,,,,,
,Lincoln Institute of Land Policy. 2019. Significant Features of the Property Tax. Residential Property Tax Relief Programs: Summary Table on Exemptions and Credits in 2018.,,,,,,,,,,,,,,,,,,,,,,,,,,,
,https://www.lincolninst.edu/research-data/data-toolkits/significant-features-property-tax/topics/residential-property-tax-relief-programs,,,,,,,,,,,,,,,,,,,,,,,,,,,
