Assessment Ratios Used to Express Dollar Exemptions in Terms of Market Value (2018),Unnamed: 1,Unnamed: 2,Unnamed: 3,Unnamed: 4,Unnamed: 5
,,,,,
State,Assessment Ratio,Property Value Exempted,Program Name (When applicable),Assessment Ratio For,Internal Note
AK,1,Assessed,,All property,
AL,0.1,Assessed,,Owner Occupied Residential,
AR,0.2,Assessed,,All property,
AZ,0.1,Assessed,,Residential,
CA,1,"Assessed, Full Value",,,
CT,0.7,Assessed,,All property,
DC,1,Assessed,,All property,
DE,1,Assessed,,All property,
FL,1,Assessed,,All property,
GA,0.4,Assessed,,Non-Agricultural,
HI,1,Assessed,,All property,
IA,0.7875,Taxable,Military Service Tax Exemption (IA102),"Residential, including agricultural dwellings ",Updated BP from https://tax.iowa.gov/iowa-property-tax-overview
IA,1,Actual value,Homestead Credit (IA104),,
IL,0.333333333333333,Equalized Assessed Value,,All property,
IN,1,Assessed,,All property,
KS,1,Appraised,,,
LA,0.1,Assessed,,Residential Buildings and Land,
MD,1,Assessed,,All property,
ME,1,"Assessed, Just value",,,
MI,0.5,Taxable,,All property,
MN,1,Market,,,
MS,0.1,Assessed,,"Single family, owner ocupied, residential real property",
NC,1,Assessed,,All property,
ND,1,True and full valuation,Disabled Veteran & Resident Exemption (ND103),,
ND,0.045,Taxable,Property Tax Credit for Disabled Veterans (ND104),,
NH,1,Assessed,,All property,
NM,0.333,Taxable,,All property,
NV,0.35,Assessed,,All property,
NY,1,Assessed,,All property,
OH,1,Market,,,
OK,0.125,Assessed,,Real property,
OR,1,Assessed,,All property,
SC,1,Market,,,
TN,1,Market,,,
TX,1,"Market, Appraised",,,
UT,0.55,"Assessed, Taxable",,Residential: Homestead and Rental,
VT,1,Appraised,,,
WA,1,Assessed,,All property,
WI,1,"Assessed, Fair market value",,Non-Agricultural,
WV,0.6,Assessed,,All property,
WY,0.095,Assessed,,All property except mining or industrial properties,
,,,,,
Source: Significant Features of the Property Tax. Lincoln Institute of Land Policy and George Washington Institute of Public Policy.,,,,,
